Ensembl_id,gene_name
ENSDARG00000112884,BX510909.2
ENSDARG00000039095,nkx2
ENSDARG00000102994,znf1034
ENSDARG00000088084,si:dkey-66i24
ENSDARG00000094242,znf1171
ENSDARG00000112302,CR352245.2
ENSDARG00000056292,vsx1
ENSDARG00000104243,eomesb
ENSDARG00000040141,si:ch73-138e16
ENSDARG00000019658,pou2f2a
ENSDARG00000110454,BX005380.2
ENSDARG00000102673,si:dkey-26i24
ENSDARG00000020746,gfi1aa
ENSDARG00000031683,fosab
ENSDARG00000061147,zfp64
ENSDARG00000014626,dlx3b
ENSDARG00000102756,nr0b2b
ENSDARG00000116441,BX324116.3
ENSDARG00000014181,foxp1b
ENSDARG00000109672,CR388055.2
ENSDARG00000104584,CT027578.1
ENSDARG00000113871,CR388188.1
ENSDARG00000003965,tlx1
ENSDARG00000110922,CR847936.6
ENSDARG00000116300,zgc:165515
ENSDARG00000096528,si:ch73-236c18
ENSDARG00000094684,si:dkey-149i17
ENSDARG00000095708,si:dkey-7i4
ENSDARG00000075713,shox2
ENSDARG00000054683,prdm8b
ENSDARG00000053097,hsf2
ENSDARG00000061549,foxo1b
ENSDARG00000073988,mntb
ENSDARG00000003877,pbrm1
ENSDARG00000103316,si:ch211-212k18
ENSDARG00000110771,BX088692.2
ENSDARG00000108812,zgc:113886
ENSDARG00000017953,tp73
ENSDARG00000086892,erfl1
ENSDARG00000028159,tead1a
ENSDARG00000114349,si:dkey-20i20
ENSDARG00000052893,rx3
ENSDARG00000079613,sall3a
ENSDARG00000075113,nanog
ENSDARG00000090814,si:dkey-18a10
ENSDARG00000071413,mier2
ENSDARG00000001015,znf384l
ENSDARG00000009473,ppardb
ENSDARG00000110016,msc
ENSDARG00000007097,her13
ENSDARG00000115318,BX255931.1
ENSDARG00000095605,CR846087.3
ENSDARG00000095993,znf1073
ENSDARG00000110085,nfil3
ENSDARG00000112303,BX248097.4
ENSDARG00000094214,si:dkeyp-117b8
ENSDARG00000100560,zfpm2b
ENSDARG00000100097,mafgb
ENSDARG00000074293,adnpb
ENSDARG00000104034,arid3b
ENSDARG00000104894,si:ch73-138e16
ENSDARG00000070343,hoxc6a
ENSDARG00000109712,AL845168.1
ENSDARG00000115572,CU896567.1
ENSDARG00000023031,hoxa2b
ENSDARG00000105013,hoxa9a
ENSDARG00000095126,si:dkey-82i20
ENSDARG00000102976,uncx
ENSDARG00000019265,zbtb39
ENSDARG00000074125,znf1161
ENSDARG00000075891,sall1b
ENSDARG00000116814,CU570894.2
ENSDARG00000090998,si:cabz01071911
ENSDARG00000101986,irf6
ENSDARG00000104892,znf1108
ENSDARG00000010770,sox19a
ENSDARG00000114353,hmgb1a
ENSDARG00000019392,stat5a
ENSDARG00000055926,foxi3a
ENSDARG00000018765,pknox1
ENSDARG00000009094,gata2b
ENSDARG00000023537,ahr1b
ENSDARG00000031198,hmg20a
ENSDARG00000097394,si:dkey-77f5
ENSDARG00000068428,si:ch211-153j24
ENSDARG00000113014,prox1b
ENSDARG00000061424,znf646
ENSDARG00000039843,znf800b
ENSDARG00000093665,si:dkey-285e18
ENSDARG00000090449,sp100
ENSDARG00000087483,si:dkey-226l10
ENSDARG00000070929,sox14
ENSDARG00000090304,CU929391.2
ENSDARG00000099761,vox
ENSDARG00000103450,BX005085.3
ENSDARG00000095635,si:dkey-261j4
ENSDARG00000079201,tshz2
ENSDARG00000015072,dmrt2a
ENSDARG00000061391,grhl1
ENSDARG00000058924,pou1f1
ENSDARG00000042824,nfe2l2a
ENSDARG00000115017,znf1033
ENSDARG00000012078,meis1b
ENSDARG00000100673,znf974
ENSDARG00000045911,tulp4a
ENSDARG00000098613,si:dkey-15h8
ENSDARG00000071819,znf1180
ENSDARG00000008209,myt1la
ENSDARG00000097091,si:dkey-7j22
ENSDARG00000039458,lhx4
ENSDARG00000102401,znf1001
ENSDARG00000113012,CABZ01112050.1
ENSDARG00000094992,otx1
ENSDARG00000042667,klf2a
ENSDARG00000103923,tfap4
ENSDARG00000116957,BX323465.2
ENSDARG00000052150,pbx4
ENSDARG00000079233,E2F2
ENSDARG00000090817,si:dkey-85k15
ENSDARG00000109255,si:ch211-234c11
ENSDARG00000011298,atf7a
ENSDARG00000103850,si:cabz01021426
ENSDARG00000094888,znf1061
ENSDARG00000040917,cbfb
ENSDARG00000114883,CU655961.4
ENSDARG00000057238,si:dkey-30k6
ENSDARG00000078066,elk1
ENSDARG00000018303,etv4
ENSDARG00000069335,bcl6b
ENSDARG00000104065,znf1154
ENSDARG00000103589,gata6
ENSDARG00000075928,hivep3a
ENSDARG00000097842,znf1134
ENSDARG00000011956,dlx4a
ENSDARG00000104605,si:ch73-299h12
ENSDARG00000106808,CU856622.1
ENSDARG00000092000,znf1020
ENSDARG00000018773,hivep2b
ENSDARG00000114536,si:dkey-149m13
ENSDARG00000113443,BX004880.4
ENSDARG00000109604,znf1026
ENSDARG00000013057,hoxb5a
ENSDARG00000089875,zgc:173705
ENSDARG00000088640,znf1115
ENSDARG00000059707,ZNF423
ENSDARG00000093833,si:ch73-382f3
ENSDARG00000117149,neurod4
ENSDARG00000045611,nfybb
ENSDARG00000102999,si:dkey-246j6
ENSDARG00000030058,tbx4
ENSDARG00000117132,BX663613.1
ENSDARG00000076297,nfatc3a
ENSDARG00000055493,hic1
ENSDARG00000014018,lhx1a
ENSDARG00000110984,BX088600.1
ENSDARG00000115019,CR847524.4
ENSDARG00000034181,esr2b
ENSDARG00000101193,BX855614.3
ENSDARG00000034693,mysm1
ENSDARG00000040946,olig2
ENSDARG00000037555,atoh8
ENSDARG00000041691,bhlhe41
ENSDARG00000070127,nfxl1
ENSDARG00000113345,CR627490.1
ENSDARG00000103725,znf341
ENSDARG00000041910,znf512
ENSDARG00000103865,wu:fc30c06
ENSDARG00000101955,znf1159
ENSDARG00000104488,si:ch73-299h12
ENSDARG00000038672,tcf7
ENSDARG00000102879,myt1b
ENSDARG00000079229,znf414
ENSDARG00000113022,si:ch211-207e19
ENSDARG00000103495,zgc:173714
ENSDARG00000077101,zbtb10
ENSDARG00000096001,si:dkey-240n22
ENSDARG00000091748,tbx22
ENSDARG00000001910,rorab
ENSDARG00000088861,znf1021
ENSDARG00000104742,CABZ01057488.1
ENSDARG00000100494,pbx1a
ENSDARG00000102601,si:dkey-15h8
ENSDARG00000094736,znf1157
ENSDARG00000004843,foxp1a
ENSDARG00000114365,dmrt2b
ENSDARG00000099172,BX000701.1
ENSDARG00000013615,pbx3b
ENSDARG00000020046,ahr1a
ENSDARG00000104251,prdm10
ENSDARG00000090942,CABZ01054394.1
ENSDARG00000113436,mta3
ENSDARG00000031756,mef2aa
ENSDARG00000021916,vax1
ENSDARG00000012667,tfap2b
ENSDARG00000103176,nr5a1a
ENSDARG00000092246,si:dkey-20i20
ENSDARG00000042525,ebf2
ENSDARG00000099837,si:dkey-199m13
ENSDARG00000089230,si:ch211-253b8
ENSDARG00000112523,foxn2b
ENSDARG00000037588,bhlhe23
ENSDARG00000088847,znf1089
ENSDARG00000010207,smad3b
ENSDARG00000087166,figla
ENSDARG00000087168,si:ch211-162i8
ENSDARG00000077092,elk4
ENSDARG00000108987,si:dkey-7i4
ENSDARG00000004060,bhlhe40
ENSDARG00000094427,si:dkey-253d23
ENSDARG00000101425,si:dkey-1b17
ENSDARG00000024619,foxo6b
ENSDARG00000005883,rfx1a
ENSDARG00000027978,yy1b
ENSDARG00000042029,mbd3b
ENSDARG00000110787,znf993
ENSDARG00000087303,cebpd
ENSDARG00000113627,BX001025.1
ENSDARG00000035127,rxrab
ENSDARG00000105498,TSC22D3
ENSDARG00000074298,si:ch73-266f23
ENSDARG00000109865,AL929458.1
ENSDARG00000055751,fosb
ENSDARG00000113178,nr2e3
ENSDARG00000112923,CABZ01088036.1
ENSDARG00000104013,CABZ01024856.1
ENSDARG00000000567,znf281a
ENSDARG00000020606,nfe2
ENSDARG00000091514,CT737190.1
ENSDARG00000074752,hlfa
ENSDARG00000077915,lmx1al
ENSDARG00000075952,mbd2
ENSDARG00000007823,atf3
ENSDARG00000105816,BX855614.4
ENSDARG00000062892,foxe3
ENSDARG00000007329,tbx16
ENSDARG00000100167,CSDC2
ENSDARG00000113837,LO018029.2
ENSDARG00000114681,BX321879.1
ENSDARG00000063701,rreb1a
ENSDARG00000102658,BX470259.2
ENSDARG00000111731,znf972
ENSDARG00000053165,zgc:113886
ENSDARG00000056407,irf8
ENSDARG00000077785,atf5b
ENSDARG00000100959,si:dkey-3p4
ENSDARG00000007277,myf5
ENSDARG00000098021,si:dkey-111k8
ENSDARG00000031138,irx3b
ENSDARG00000059274,hoxd9a
ENSDARG00000003398,rbpja
ENSDARG00000116216,znf1046
ENSDARG00000070098,lcorl
ENSDARG00000053499,isl2b
ENSDARG00000009438,myog
ENSDARG00000087046,si:ch211-222k6
ENSDARG00000071055,ZNF512B
ENSDARG00000089787,crebzf
ENSDARG00000002707,her11
ENSDARG00000020759,elf1
ENSDARG00000069266,esrra
ENSDARG00000058133,foxd2
ENSDARG00000055752,npas4a
ENSDARG00000103853,znf1183
ENSDARG00000061368,klf13
ENSDARG00000101842,znf1086
ENSDARG00000070864,bcl6a
ENSDARG00000068400,znf131
ENSDARG00000042004,nfya
ENSDARG00000058566,si:dkey-253d23
ENSDARG00000003200,foxm1
ENSDARG00000110710,CU210890.1
ENSDARG00000079020,gcfc2
ENSDARG00000019930,tal1
ENSDARG00000116327,BX928740.2
ENSDARG00000105144,znf1130
ENSDARG00000105831,znf1009
ENSDARG00000103172,BX914205.3
ENSDARG00000057741,nr1h4
ENSDARG00000001859,dbx1b
ENSDARG00000097088,si:dkey-60d5
ENSDARG00000044525,pparda
ENSDARG00000008796,her5
ENSDARG00000114069,tlx3b
ENSDARG00000101960,si:dkeyp-44d3
ENSDARG00000058710,terf1
ENSDARG00000076763,sp2
ENSDARG00000030350,mnx2b
ENSDARG00000079382,hdx
ENSDARG00000116206,meox2b
ENSDARG00000073708,zgc:171551
ENSDARG00000070389,foxf2b
ENSDARG00000096716,hmx3b
ENSDARG00000028517,hbp1
ENSDARG00000102480,BX005417.2
ENSDARG00000031891,tbx1
ENSDARG00000092979,pias2
ENSDARG00000053695,zgc:162948
ENSDARG00000093831,znf1121
ENSDARG00000070428,si:dkey-239n17
ENSDARG00000014680,znf710a
ENSDARG00000021336,pax4
ENSDARG00000103046,rest
ENSDARG00000015876,npas1
ENSDARG00000105038,CABZ01038376.1
ENSDARG00000079575,aff3
ENSDARG00000009594,nr1d2b
ENSDARG00000102761,zbtb42
ENSDARG00000098087,si:dkey-30f3
ENSDARG00000011235,otx2b
ENSDARG00000036055,thap11
ENSDARG00000041702,rfx6
ENSDARG00000008133,foxl1
ENSDARG00000112126,znf995
ENSDARG00000008203,pax1a
ENSDARG00000097819,znf576
ENSDARG00000104078,zgc:113336
ENSDARG00000002445,prdm1a
ENSDARG00000045527,nr2c1
ENSDARG00000077823,hmgxb3
ENSDARG00000074820,si:dkey-253d23
ENSDARG00000075774,foxj3
ENSDARG00000074146,zgc:113452
ENSDARG00000104613,znf1179
ENSDARG00000088616,si:ch211-197e7
ENSDARG00000070536,creb5b
ENSDARG00000015399,foxf1
ENSDARG00000111209,BX530074.1
ENSDARG00000096012,BX649479.1
ENSDARG00000110530,alx1
ENSDARG00000116570,FO834825.3
ENSDARG00000117096,znf1138
ENSDARG00000038141,atf4b
ENSDARG00000086494,znf970
ENSDARG00000102436,si:ch211-194b1
ENSDARG00000109327,znf1140
ENSDARG00000111659,BX322657
ENSDARG00000101203,znf513b
ENSDARG00000034086,zgc:65895
ENSDARG00000000760,znf511
ENSDARG00000113808,si:dkeyp-82b4
ENSDARG00000094216,si:ch1073-186o8
ENSDARG00000095667,znf1175
ENSDARG00000098036,si:ch211-69l10
ENSDARG00000013441,hey2
ENSDARG00000099373,zgc:158320
ENSDARG00000012887,znf143a
ENSDARG00000039116,nr5a5
ENSDARG00000021086,znf367
ENSDARG00000031763,smad6b
ENSDARG00000007407,barx1
ENSDARG00000035150,si:dkey-261j4
ENSDARG00000105806,CABZ01069020.1
ENSDARG00000095497,si:dkeyp-2e4
ENSDARG00000002601,irx7
ENSDARG00000074758,csde1
ENSDARG00000104651,msx2a
ENSDARG00000101549,nkx2.2b
ENSDARG00000094177,si:ch211-208f21
ENSDARG00000100468,znf1182
ENSDARG00000001940,dnajc1
ENSDARG00000096041,si:ch211-162i8
ENSDARG00000095125,ftr97
ENSDARG00000028086,zbtb2b
ENSDARG00000053829,pax9
ENSDARG00000055395,foxq1b
ENSDARG00000110372,BX324212.2
ENSDARG00000102138,foxa1
ENSDARG00000096226,znf1072
ENSDARG00000114231,nfya
ENSDARG00000069796,znf1124
ENSDARG00000004473,tbx21
ENSDARG00000109320,FO904859.1
ENSDARG00000102588,sp100
ENSDARG00000091896,znf1172
ENSDARG00000112940,CT573263.1
ENSDARG00000104823,znf648
ENSDARG00000040884,mxi1
ENSDARG00000115866,CR318627.1
ENSDARG00000080021,zmat3
ENSDARG00000091393,si:ch211-161m3
ENSDARG00000106749,si:dkey-7i4
ENSDARG00000103947,znf1028
ENSDARG00000077237,rfx7a
ENSDARG00000005915,tcf3a
ENSDARG00000003411,foxa2
ENSDARG00000093469,znf653
ENSDARG00000008818,hsf1
ENSDARG00000114447,arid3c
ENSDARG00000096851,znf1143
ENSDARG00000101056,BX890539.1
ENSDARG00000113729,AL974314.3
ENSDARG00000007630,mkrn2
ENSDARG00000092596,si:dkeyp-44d3
ENSDARG00000092060,tbx5b
ENSDARG00000088378,znf1000
ENSDARG00000054323,pparab
ENSDARG00000088347,sp1
ENSDARG00000089607,CU929037.1
ENSDARG00000097244,zgc:174263
ENSDARG00000035648,irx4a
ENSDARG00000112133,CR354373.2
ENSDARG00000073944,si:ch73-386h18
ENSDARG00000094017,znf1137
ENSDARG00000115171,AL928872.2
ENSDARG00000054025,hoxb8b
ENSDARG00000031777,pparaa
ENSDARG00000030999,mybl1
ENSDARG00000075450,mkxa
ENSDARG00000116703,dbpb
ENSDARG00000100568,si:ch211-209j12
ENSDARG00000100483,vent
ENSDARG00000055294,atoh1a
ENSDARG00000002031,tox4a
ENSDARG00000069111,IKZF2
ENSDARG00000020794,neurod6b
ENSDARG00000100821,scrt1a
ENSDARG00000111046,znf1116
ENSDARG00000035889,zbtb8b
ENSDARG00000078552,grhl3
ENSDARG00000036051,irx4b
ENSDARG00000099374,sp9
ENSDARG00000102714,si:dkey-13n23
ENSDARG00000003971,isl2a
ENSDARG00000016022,zic5
ENSDARG00000113294,znf1146
ENSDARG00000093220,znf1127
ENSDARG00000090871,si:dkey-210j14
ENSDARG00000114400,CR626923.3
ENSDARG00000107177,znf1108
ENSDARG00000096941,si:dkey-77f5
ENSDARG00000040503,sb:cb81
ENSDARG00000104887,znf1105
ENSDARG00000078138,si:ch211-202h22
ENSDARG00000094038,si:ch211-226f6
ENSDARG00000096428,si:dkey-217d24
ENSDARG00000052164,znf507
ENSDARG00000103936,zgc:173486
ENSDARG00000092583,si:dkey-16p19
ENSDARG00000095890,znf236
ENSDARG00000018757,klf5l
ENSDARG00000092080,znf1044
ENSDARG00000056725,hmgb3a
ENSDARG00000115643,BX248092.4
ENSDARG00000097839,si:ch211-235i11
ENSDARG00000007824,camta1b
ENSDARG00000018004,nkx2
ENSDARG00000015906,mxtx2
ENSDARG00000044098,egr2a
ENSDARG00000102774,znf687a
ENSDARG00000030267,gtf3aa
ENSDARG00000006640,eomesa
ENSDARG00000069763,etv5a
ENSDARG00000007009,hoxa11b
ENSDARG00000104985,zgc:110249
ENSDARG00000042904,foxo3b
ENSDARG00000040465,irf2
ENSDARG00000100196,znf1160
ENSDARG00000013477,gata1a
ENSDARG00000037196,arid5b
ENSDARG00000114182,mkxb
ENSDARG00000006350,nkx1.2la
ENSDARG00000060808,mecom
ENSDARG00000063014,dbpa
ENSDARG00000053260,zgc:113090
ENSDARG00000100127,znf1178
ENSDARG00000109821,si:dkey-156j15
ENSDARG00000116608,pitx1
ENSDARG00000039412,dmrta2
ENSDARG00000040487,zgc:113176
ENSDARG00000030583,foxk2
ENSDARG00000099284,si:dkey-228b2
ENSDARG00000104979,CR388055.1
ENSDARG00000056979,lhx9
ENSDARG00000051926,plag1
ENSDARG00000018000,ubp1
ENSDARG00000061011,hlfb
ENSDARG00000105058,CT027609.1
ENSDARG00000097281,zgc:174574
ENSDARG00000041323,csdc2a
ENSDARG00000093865,CR356223.1
ENSDARG00000094558,si:dkeyp-53e4
ENSDARG00000030012,lrrfip1a
ENSDARG00000015312,klf12a
ENSDARG00000021201,noto
ENSDARG00000006206,pou4f3
ENSDARG00000100847,esrrb
ENSDARG00000032705,foxg1b
ENSDARG00000070770,her4
ENSDARG00000109585,BX005041.1
ENSDARG00000098661,AL935300.3
ENSDARG00000030703,otx2a
ENSDARG00000089158,si:dkeyp-104f11
ENSDARG00000070069,pitx3
ENSDARG00000103057,zfhx3
ENSDARG00000016999,lin28a
ENSDARG00000088051,AL935044.1
ENSDARG00000105073,CU655961.2
ENSDARG00000070053,foxg1d
ENSDARG00000087093,si:ch211-157c3
ENSDARG00000019810,nfe2l3
ENSDARG00000079626,elf2b
ENSDARG00000105306,si:dkeyp-104f11
ENSDARG00000070677,fezf2
ENSDARG00000101134,CABZ01064859.2
ENSDARG00000070704,thap7
ENSDARG00000040261,runx2a
ENSDARG00000078476,znf990
ENSDARG00000095997,znf1112
ENSDARG00000042485,foxd5
ENSDARG00000104560,CT990561.2
ENSDARG00000003469,neurod4
ENSDARG00000105078,CABZ01002809.1
ENSDARG00000088214,si:dkey-23a23
ENSDARG00000102731,si:ch73-299h12
ENSDARG00000116135,tbx2b
ENSDARG00000068580,glis1a
ENSDARG00000078784,mgaa
ENSDARG00000098311,CU856344.1
ENSDARG00000113888,zbtb46
ENSDARG00000079972,nfatc2b
ENSDARG00000053364,pax10
ENSDARG00000043126,blf
ENSDARG00000116760,nfe2l1a
ENSDARG00000109410,CT971500.1
ENSDARG00000089715,si:cabz01054394
ENSDARG00000095896,pou3f3b
ENSDARG00000062621,satb1b
ENSDARG00000116993,npas2
ENSDARG00000097215,si:dkey-172k15
ENSDARG00000104885,CABZ01033178.1
ENSDARG00000068380,foxg1c
ENSDARG00000111803,BX640593.1
ENSDARG00000000151,thraa
ENSDARG00000086825,znf521
ENSDARG00000026972,si:ch211-119o8
ENSDARG00000075783,hmgxb4a
ENSDARG00000042977,nfil3
ENSDARG00000000175,hoxb2a
ENSDARG00000078159,zgc:175284
ENSDARG00000098103,tefb
ENSDARG00000113275,BX927082.3
ENSDARG00000038780,ubtfl
ENSDARG00000067607,srebf1
ENSDARG00000102455,znf1133
ENSDARG00000076472,ovol1a
ENSDARG00000055162,zhx2a
ENSDARG00000007990,wt1b
ENSDARG00000070542,mafbb
ENSDARG00000019717,pbx2
ENSDARG00000097812,si:ch73-144d13
ENSDARG00000069675,her8
ENSDARG00000099120,mafbb
ENSDARG00000116208,hmx4
ENSDARG00000088298,si:ch211-235i11
ENSDARG00000097551,si:dkey-7i4
ENSDARG00000098094,si:dkey-146c18
ENSDARG00000068406,six5
ENSDARG00000089092,si:cabz01054394
ENSDARG00000012649,gb:cr929477
ENSDARG00000074624,si:ch211-198a12
ENSDARG00000077813,si:dkey-34f9
ENSDARG00000016363,her8a
ENSDARG00000111929,BX936442.1
ENSDARG00000090366,znf1065
ENSDARG00000103636,zgc:173702
ENSDARG00000114414,BX663502.4
ENSDARG00000103244,CABZ01081752.3
ENSDARG00000062824,alx1
ENSDARG00000089883,si:dkey-210j14
ENSDARG00000012833,foxn3
ENSDARG00000111056,hoxb8b
ENSDARG00000109864,znf995
ENSDARG00000110658,zgc:174696
ENSDARG00000112403,BX511013.1
ENSDARG00000115857,znf1001
ENSDARG00000059256,hoxd13a
ENSDARG00000100544,AL954741.3
ENSDARG00000056793,jazf1b
ENSDARG00000102606,znf1158
ENSDARG00000112623,CT027745.3
ENSDARG00000078814,si:dkey-34m19
ENSDARG00000111786,hoxb6b
ENSDARG00000055481,atf7b
ENSDARG00000053666,myb
ENSDARG00000112502,BX936445.4
ENSDARG00000056023,hoxb9a
ENSDARG00000116417,gsx2
ENSDARG00000034117,rarga
ENSDARG00000013207,zeb1b
ENSDARG00000061974,grhl2b
ENSDARG00000002330,lhx8a
ENSDARG00000002937,meis1a
ENSDARG00000043553,ches1
ENSDARG00000045983,zbtb43
ENSDARG00000013539,ikzf1
ENSDARG00000099346,znf1079
ENSDARG00000070786,znf770
ENSDARG00000054903,mta3
ENSDARG00000014828,l3mbtl1a
ENSDARG00000070465,si:dkey-13n23
ENSDARG00000059130,gata1b
ENSDARG00000110031,BX649328.3
ENSDARG00000100652,znf1147
ENSDARG00000075542,zfhx4
ENSDARG00000013789,sim1b
ENSDARG00000095549,si:dkeyp-106c3
ENSDARG00000101578,e2f4
ENSDARG00000103247,znf993
ENSDARG00000087839,si:dkey-33c14
ENSDARG00000115912,BX571714.13
ENSDARG00000079547,zbtb47b
ENSDARG00000116211,si:dkey-5i16
ENSDARG00000113582,znf1149
ENSDARG00000056400,helt
ENSDARG00000096222,si:ch211-245n8
ENSDARG00000042215,pias4b
ENSDARG00000022203,gtf2ird1
ENSDARG00000003142,dachc
ENSDARG00000087453,si:ch73-57f22
ENSDARG00000004712,tbr1b
ENSDARG00000070955,hmx3a
ENSDARG00000077428,camta1a
ENSDARG00000056666,sp8b
ENSDARG00000103691,rfx7b
ENSDARG00000088631,BX000363.1
ENSDARG00000077811,sox11a
ENSDARG00000098903,tfe3a
ENSDARG00000098536,si:dkey-25i10
ENSDARG00000109840,znf993
ENSDARG00000054562,her15.1
ENSDARG00000021938,smad9
ENSDARG00000103597,si:dkey-40j3
ENSDARG00000099175,hmgb1a
ENSDARG00000101029,si:ch73-347e22
ENSDARG00000113877,hoxc13b
ENSDARG00000115450,si:ch211-226o13
ENSDARG00000016457,irf9
ENSDARG00000116678,BX914217.2
ENSDARG00000063438,srebf2
ENSDARG00000029072,klf6a
ENSDARG00000059836,ddit3
ENSDARG00000087753,CR388166.1
ENSDARG00000043249,irf1b
ENSDARG00000061311,znf438
ENSDARG00000012656,atf6
ENSDARG00000098683,zmiz2
ENSDARG00000069295,bcl6ab
ENSDARG00000070340,hoxc5a
ENSDARG00000041952,prox2
ENSDARG00000112103,si:dkey-16p19
ENSDARG00000111899,zgc:171435
ENSDARG00000116035,AL845357.6
ENSDARG00000061548,si:ch211-145o7
ENSDARG00000104163,si:cabz01071912
ENSDARG00000093461,si:dkey-56m15
ENSDARG00000115480,CABZ01005857.1
ENSDARG00000098122,BX005085.2
ENSDARG00000086223,si:ch73-144d13
ENSDARG00000105669,si:dkey-10f23
ENSDARG00000079187,tbx19
ENSDARG00000087536,znf407
ENSDARG00000056594,irx1b
ENSDARG00000087674,si:ch1073-127d16
ENSDARG00000112985,hnf4a
ENSDARG00000042032,pou3f3a
ENSDARG00000100415,CABZ01002188.1
ENSDARG00000002362,ubald1a
ENSDARG00000070913,sox2
ENSDARG00000045413,gcm2
ENSDARG00000110853,elk3
ENSDARG00000116017,dlx2b
ENSDARG00000114289,znf980
ENSDARG00000110497,sox19a
ENSDARG00000095241,mybl2a
ENSDARG00000103133,hoxc12b
ENSDARG00000094387,si:dkeyp-30e7
ENSDARG00000109381,CU457778.2
ENSDARG00000110852,znf1111
ENSDARG00000111018,BX323598.3
ENSDARG00000116511,CABZ01080135.1
ENSDARG00000101885,si:dkey-20i20
ENSDARG00000052242,aff2
ENSDARG00000100915,si:ch211-255f4
ENSDARG00000039806,tbxtb
ENSDARG00000099564,atoh1b
ENSDARG00000112480,BX530085.2
ENSDARG00000034420,irx6a
ENSDARG00000076442,zgc:174310
ENSDARG00000077581,zzz3
ENSDARG00000088332,alx4a
ENSDARG00000093403,si:ch73-376l24
ENSDARG00000076251,irf3
ENSDARG00000111026,BX927193.2
ENSDARG00000116340,BX510922.4
ENSDARG00000098248,CABZ01081730.1
ENSDARG00000094059,si:ch211-191j22
ENSDARG00000096186,si:dkey-247i3
ENSDARG00000067850,jund
ENSDARG00000056732,her4.1
ENSDARG00000021891,zbtb7b
ENSDARG00000069440,dachd
ENSDARG00000010192,pax3a
ENSDARG00000102321,si:ch73-299h12
ENSDARG00000109684,BX510918.1
ENSDARG00000111121,BX247903.1
ENSDARG00000034043,irx5a
ENSDARG00000092507,znf1013
ENSDARG00000043226,nfixa
ENSDARG00000113138,BX324001.4
ENSDARG00000039117,tefa
ENSDARG00000102561,AL645691.1
ENSDARG00000031894,lef1
ENSDARG00000042045,hmg20b
ENSDARG00000110907,BX548005.2
ENSDARG00000101131,pbx1b
ENSDARG00000043873,arid4a
ENSDARG00000099736,CABZ01075078.1
ENSDARG00000093165,si:dkey-16p6
ENSDARG00000074442,alx4b
ENSDARG00000110318,AL844847.2
ENSDARG00000070721,vdrb
ENSDARG00000075972,csrnp2
ENSDARG00000036235,zbtb3
ENSDARG00000111083,tub
ENSDARG00000100808,znf1183
ENSDARG00000103497,si:dkey-246j6
ENSDARG00000027199,smad1
ENSDARG00000110061,barhl1a
ENSDARG00000074526,zbtb16b
ENSDARG00000098430,znf1078
ENSDARG00000111184,gsc
ENSDARG00000031647,stat2
ENSDARG00000023040,zbtb1
ENSDARG00000102600,CABZ01003344.1
ENSDARG00000031420,wt1a
ENSDARG00000054823,id3
ENSDARG00000018109,mafga
ENSDARG00000056491,ikzf5
ENSDARG00000111269,CABZ01087224.1
ENSDARG00000088039,CU929391.1
ENSDARG00000094484,CR759833.1
ENSDARG00000113380,BX510922.3
ENSDARG00000096689,si:dkey-66i24
ENSDARG00000014201,otpa
ENSDARG00000113850,BX510647.5
ENSDARG00000053569,sox3
ENSDARG00000115998,zbtb37
ENSDARG00000040135,fosaa
ENSDARG00000089598,si:cabz01054396
ENSDARG00000017780,rorcb
ENSDARG00000010132,dacha
ENSDARG00000055574,FOXN2
ENSDARG00000097501,si:dkey-111k8
ENSDARG00000116598,BX470242.3
ENSDARG00000014463,usf1l
ENSDARG00000078256,ovol1b
ENSDARG00000103186,si:ch73-389k6
ENSDARG00000102025,znf644b
ENSDARG00000114369,CR352261.3
ENSDARG00000004074,bach2b
ENSDARG00000115152,CR788257.2
ENSDARG00000035910,znf281b
ENSDARG00000005559,pou4f1
ENSDARG00000069329,drgx
ENSDARG00000102473,zgc:171673
ENSDARG00000103400,si:ch211-161m3
ENSDARG00000019516,sp7
ENSDARG00000098240,meis2a
ENSDARG00000069252,mixl1
ENSDARG00000025346,znf277
ENSDARG00000006038,aebp2
ENSDARG00000037383,pax5
ENSDARG00000094034,znf1045
ENSDARG00000007944,lhx1b
ENSDARG00000093875,zgc:174224
ENSDARG00000076807,CR352258.1
ENSDARG00000078434,znf692
ENSDARG00000110408,CR352335.2
ENSDARG00000112646,FO704670.1
ENSDARG00000052188,znf541
ENSDARG00000092799,camta2
ENSDARG00000074321,tead3a
ENSDARG00000112589,BX120011.1
ENSDARG00000077120,arid5a
ENSDARG00000107408,TCF4
ENSDARG00000005382,prdm9
ENSDARG00000052387,pou2f3
ENSDARG00000101883,FP074874.1
ENSDARG00000054307,zgc:77151
ENSDARG00000117076,BX005085.7
ENSDARG00000039263,zbtb48
ENSDARG00000089814,znf1042
ENSDARG00000039304,six1a
ENSDARG00000089262,pbx3a
ENSDARG00000074378,junba
ENSDARG00000087188,nfil3-6
ENSDARG00000086831,zmp:0000001228
ENSDARG00000039987,hivep2a
ENSDARG00000025131,lbx2
ENSDARG00000036930,tbx18
ENSDARG00000113564,znf1107
ENSDARG00000103871,si:ch73-109d9
ENSDARG00000071589,si:dkey-253d23
ENSDARG00000112123,bhlhe41
ENSDARG00000111765,hmx1
ENSDARG00000113005,si:dkey-47k16
ENSDARG00000113780,zgc:173615
ENSDARG00000100257,zgc:174314
ENSDARG00000116534,mier3b
ENSDARG00000090903,creb3l3b
ENSDARG00000087646,runx1
ENSDARG00000099986,si:ch211-207i20
ENSDARG00000097546,si:ch211-40k21
ENSDARG00000009242,fev
ENSDARG00000063417,erf
ENSDARG00000076262,pou3f2b
ENSDARG00000087530,wu:fe05a04
ENSDARG00000070013,dmrt2b
ENSDARG00000010591,foxn4
ENSDARG00000105784,LO018029.1
ENSDARG00000004415,tcf7l2
ENSDARG00000040008,neurod6a
ENSDARG00000090914,si:ch211-117k10
ENSDARG00000071398,si:dkey-172o19
ENSDARG00000114211,FO834825.2
ENSDARG00000092849,si:ch73-92e7
ENSDARG00000032578,pax2b
ENSDARG00000077799,egr4
ENSDARG00000104904,si:ch73-221f6
ENSDARG00000026395,rfx4
ENSDARG00000104715,zgc:171422
ENSDARG00000098923,zgc:173577
ENSDARG00000059233,runx2b
ENSDARG00000116711,CR352328.9
ENSDARG00000116118,msx1a
ENSDARG00000091243,znf975
ENSDARG00000005026,tshz1
ENSDARG00000088036,si:dkey-106g10
ENSDARG00000092968,znf1128
ENSDARG00000077205,zgc:153116
ENSDARG00000078281,BX470259.1
ENSDARG00000058562,znf991
ENSDARG00000019013,barhl1b
ENSDARG00000092635,EBF1
ENSDARG00000075904,rfx1b
ENSDARG00000042826,egr2b
ENSDARG00000109419,BX247878.1
ENSDARG00000044847,zgc:171599
ENSDARG00000070346,hoxc8a
ENSDARG00000079980,si:ch211-202h22
ENSDARG00000097098,znf1004
ENSDARG00000109556,BX004885.1
ENSDARG00000101044,si:ch73-138e16
ENSDARG00000070339,hoxc3a
ENSDARG00000101542,si:dkeyp-53d3
ENSDARG00000101245,znf1063
ENSDARG00000045904,nr2e3
ENSDARG00000114492,AL929458.4
ENSDARG00000078781,si:ch211-161c3
ENSDARG00000044457,gfi1ab
ENSDARG00000021443,zfp36l1b
ENSDARG00000089940,znf1008
ENSDARG00000011989,crx
ENSDARG00000105056,znf45l
ENSDARG00000001621,nfyal
ENSDARG00000105255,zbtb4
ENSDARG00000087070,znf977
ENSDARG00000054162,nfatc4
ENSDARG00000036194,pitx2
ENSDARG00000043531,jun
ENSDARG00000004851,hinfp
ENSDARG00000040179,zgc:101562
ENSDARG00000017174,dlx2b
ENSDARG00000109802,BX324003.2
ENSDARG00000116560,ahrrb
ENSDARG00000114864,CR388371.5
ENSDARG00000040606,tfap2c
ENSDARG00000079947,gfi1b
ENSDARG00000107106,CABZ01034089.1
ENSDARG00000086245,si:dkeyp-121d2
ENSDARG00000114358,bhlhe41
ENSDARG00000078206,zgc:171506
ENSDARG00000099880,sp6
ENSDARG00000096901,si:dkey-7i4
ENSDARG00000101645,MYRFL
ENSDARG00000073814,pax1b
ENSDARG00000113285,AL845284.2
ENSDARG00000053446,sub1a
ENSDARG00000104107,nkx2.4b
ENSDARG00000068761,mespab
ENSDARG00000101843,znf1106
ENSDARG00000116791,BX284700.1
ENSDARG00000037833,mitfb
ENSDARG00000117137,prox2
ENSDARG00000038792,klf17
ENSDARG00000057323,e2f8
ENSDARG00000090116,znf1136
ENSDARG00000095440,si:dkeyp-53e4
ENSDARG00000099444,znf1122
ENSDARG00000062002,adnpa
ENSDARG00000076259,tbr1a
ENSDARG00000033172,nr2f5
ENSDARG00000103379,pax6a
ENSDARG00000079263,si:dkeyp-2e4
ENSDARG00000112085,BX571981.1
ENSDARG00000094551,BX855614.1
ENSDARG00000006791,arntl1a
ENSDARG00000115964,zeb2a
ENSDARG00000115506,si:dkey-122c11
ENSDARG00000052091,rbpjb
ENSDARG00000015567,zic1
ENSDARG00000116536,BX293565.2
ENSDARG00000087381,tcf23
ENSDARG00000041359,zgc:161969
ENSDARG00000024306,zbed4
ENSDARG00000106724,CU655961.3
ENSDARG00000071725,znf1167
ENSDARG00000096614,si:dkey-182i3
ENSDARG00000098834,sox4b
ENSDARG00000100757,CABZ01056279.1
ENSDARG00000043210,nfic
ENSDARG00000045105,foxn2b
ENSDARG00000074906,znf831
ENSDARG00000074544,znf1007
ENSDARG00000102316,si:dkey-237m9
ENSDARG00000055349,pknox2
ENSDARG00000005834,gatad2b
ENSDARG00000098410,si:dkey-19b23
ENSDARG00000056213,si:ch73-130a3
ENSDARG00000035221,zgc:110249
ENSDARG00000103439,si:dkey-248e17
ENSDARG00000037154,hivep3b
ENSDARG00000055359,sp100
ENSDARG00000098176,si:rp71-1h20
ENSDARG00000004714,tcf12
ENSDARG00000042489,thap12a
ENSDARG00000014692,znf622
ENSDARG00000077143,znf526
ENSDARG00000031243,snai3
ENSDARG00000052165,si:ch211-236k19
ENSDARG00000086944,TCF24
ENSDARG00000079373,fosl1b
ENSDARG00000016871,smarce1
ENSDARG00000002196,bach1b
ENSDARG00000019457,tfe3b
ENSDARG00000053918,srfa
ENSDARG00000067544,tcf15
ENSDARG00000114700,znf1140
ENSDARG00000088927,CR450793.1
ENSDARG00000053792,si:rp71-1g18
ENSDARG00000089156,egr3
ENSDARG00000012642,si:ch211-266d19
ENSDARG00000103239,si:dkey-14o6
ENSDARG00000088810,prox1b
ENSDARG00000076571,sp5a
ENSDARG00000091756,insm1a
ENSDARG00000004328,LIN28A
ENSDARG00000100896,znf973
ENSDARG00000092073,znf1165
ENSDARG00000098892,si:ch211-223a21
ENSDARG00000021288,mier3b
ENSDARG00000057751,zbtb47a
ENSDARG00000114783,znf985
ENSDARG00000079010,si:dkey-7i4
ENSDARG00000113971,LO018181.1
ENSDARG00000096172,znf1097
ENSDARG00000095743,sox11b
ENSDARG00000100607,zbtb38
ENSDARG00000078701,prdm13
ENSDARG00000002933,gbx2
ENSDARG00000070546,msgn1
ENSDARG00000078728,znf1068
ENSDARG00000045595,si:dkey-14k9
ENSDARG00000077542,si:dkeyp-75b4
ENSDARG00000094965,nfil3-5
ENSDARG00000102678,znf1181
ENSDARG00000091841,si:cabz01071909
ENSDARG00000115214,BX571708.2
ENSDARG00000100262,BX936382.1
ENSDARG00000042652,rreb1b
ENSDARG00000104124,znf1069
ENSDARG00000100723,znf1097
ENSDARG00000115364,hmx2
ENSDARG00000019335,hes6
ENSDARG00000016788,zeb1a
ENSDARG00000042969,znf1035
ENSDARG00000101137,znf999
ENSDARG00000102679,FP074874.2
ENSDARG00000096816,si:dkeyp-106c3
ENSDARG00000014479,ptf1a
ENSDARG00000042725,cebpb
ENSDARG00000075834,si:dkey-182i3
ENSDARG00000104822,znf1131
ENSDARG00000092765,znf1151
ENSDARG00000095030,si:ch73-120g24
ENSDARG00000116064,CR548632.6
ENSDARG00000077840,meis2b
ENSDARG00000115775,CR751236.1
ENSDARG00000077078,zgc:173726
ENSDARG00000101463,si:dkey-176f19
ENSDARG00000041080,thap3
ENSDARG00000115755,BX247888.6
ENSDARG00000103689,znf1148
ENSDARG00000101244,gli1
ENSDARG00000069957,zgc:162936
ENSDARG00000099555,foxo1a
ENSDARG00000113744,AL928556.3
ENSDARG00000074365,zgc:171901
ENSDARG00000037872,foxk1
ENSDARG00000114124,si:dkey-3p4
ENSDARG00000003803,LHX3
ENSDARG00000076533,nfe2l1b
ENSDARG00000096030,si:dkey-262g12
ENSDARG00000109766,BX324133.1
ENSDARG00000095283,si:dkeyp-2e4
ENSDARG00000098510,znf1102
ENSDARG00000109339,CR388042.2
ENSDARG00000096708,si:dkeyp-104f11
ENSDARG00000101829,si:dkey-16b10
ENSDARG00000112649,BX629340.2
ENSDARG00000092471,si:dkey-7j22
ENSDARG00000092241,znf1009
ENSDARG00000105067,znf1043
ENSDARG00000114636,BX248124.4
ENSDARG00000040266,sox19b
ENSDARG00000086173,relb
ENSDARG00000040080,fli1b
ENSDARG00000095651,hmx1
ENSDARG00000077897,znf296
ENSDARG00000051729,nfatc3b
ENSDARG00000101562,znf1014
ENSDARG00000089947,BX005085.1
ENSDARG00000005846,FO704755.1
ENSDARG00000092346,nfil3-4
ENSDARG00000022905,znf1163
ENSDARG00000100001,znf1096
ENSDARG00000114287,ar
ENSDARG00000115477,BX004880.6
ENSDARG00000103980,ets2
ENSDARG00000099618,si:dkey-1b17
ENSDARG00000090740,zmp:0000001003
ENSDARG00000068417,foxl2b
ENSDARG00000075330,phox2ba
ENSDARG00000056995,snai1a
ENSDARG00000016858,smad7
ENSDARG00000040926,nr2f2
ENSDARG00000037782,sox8b
ENSDARG00000112571,BX255917.2
ENSDARG00000099345,si:rp71-1d10
ENSDARG00000112663,hoxb1b
ENSDARG00000054879,six3b
ENSDARG00000117064,BX511211.1
ENSDARG00000052115,ehf
ENSDARG00000063563,creb3l2
ENSDARG00000025226,znf668
ENSDARG00000022295,hnf1bb
ENSDARG00000006288,prdm5
ENSDARG00000110548,FP236157.5
ENSDARG00000104144,si:dkey-68o6
ENSDARG00000093999,si:ch73-376l24
ENSDARG00000057652,dbpb
ENSDARG00000029766,nr1i2
ENSDARG00000068407,six9
ENSDARG00000062801,erfl3
ENSDARG00000056226,creb3l3a
ENSDARG00000110381,BX572630.4
ENSDARG00000097152,si:dkey-7i4
ENSDARG00000013251,hsf4
ENSDARG00000031337,hoxa10b
ENSDARG00000070059,si:ch211-262i1
ENSDARG00000098231,HHEX
ENSDARG00000024598,homezb
ENSDARG00000100761,BX293993.1
ENSDARG00000113011,zgc:113102
ENSDARG00000100947,mafk
ENSDARG00000036254,hoxa13b
ENSDARG00000110150,CR392346.1
ENSDARG00000116625,znf1141
ENSDARG00000017078,mespaa
ENSDARG00000017007,nr4a2a
ENSDARG00000089107,mlxipl
ENSDARG00000038812,e2f5
ENSDARG00000103477,si:ch211-255f4
ENSDARG00000022569,nkx6
ENSDARG00000035116,CR925780.1
ENSDARG00000020176,zbtb22a
ENSDARG00000063672,zmp:0000000711
ENSDARG00000054957,znf1015
ENSDARG00000015793,creb3l1
ENSDARG00000074502,zmiz1a
ENSDARG00000087195,rorc
ENSDARG00000109549,BX548026.1
ENSDARG00000070809,znf516
ENSDARG00000098362,CABZ01081747.1
ENSDARG00000099945,CU467646.4
ENSDARG00000031434,rcor1
ENSDARG00000110745,znf994
ENSDARG00000092809,hoxc9a
ENSDARG00000042563,mis18bp1
ENSDARG00000003293,sox9a
ENSDARG00000038386,ascl1a
ENSDARG00000102839,si:ch211-211k8
ENSDARG00000029722,hmgb2a
ENSDARG00000014775,zgc:113220
ENSDARG00000077467,sox10
ENSDARG00000111842,AL953886.3
ENSDARG00000104807,si:ch73-221f6
ENSDARG00000004757,ybx1
ENSDARG00000043322,gsx2
ENSDARG00000045660,hic1l
ENSDARG00000004588,sox4a
ENSDARG00000008886,msx1b
ENSDARG00000102279,zmiz1b
ENSDARG00000038205,her2
ENSDARG00000002006,rxrbb
ENSDARG00000095350,si:dkey-4c15
ENSDARG00000029544,id2b
ENSDARG00000102959,zgc:171220
ENSDARG00000095617,znf1157
ENSDARG00000094309,si:ch73-92e7
ENSDARG00000115148,CR792423.8
ENSDARG00000110106,si:dkey-20i20
ENSDARG00000006003,mycla
ENSDARG00000031161,nr1d4a
ENSDARG00000097808,si:dkey-77f5
ENSDARG00000117163,znf1114
ENSDARG00000114324,CR381633.1
ENSDARG00000112043,znf1091
ENSDARG00000115109,CU207253.1
ENSDARG00000101891,arid1ab
ENSDARG00000037475,foxb2
ENSDARG00000013125,dlx1a
ENSDARG00000109202,BX324216.3
ENSDARG00000113490,CU929568.4
ENSDARG00000098745,tfec
ENSDARG00000109532,BX323878.1
ENSDARG00000017615,tlx3b
ENSDARG00000098196,znf1077
ENSDARG00000062268,jarid2b
ENSDARG00000070845,si:dkey-56d12
ENSDARG00000105781,zgc:171727
ENSDARG00000079222,zgc:174315
ENSDARG00000101508,nr6a1a
ENSDARG00000097863,si:dkeyp-84f3
ENSDARG00000000796,nr4a1
ENSDARG00000115513,CR388021.1
ENSDARG00000101926,zgc:101130
ENSDARG00000037178,zic2b
ENSDARG00000056015,hoxb13a
ENSDARG00000100197,OVOL3
ENSDARG00000062361,PAXBP1
ENSDARG00000035732,arntl1b
ENSDARG00000092327,si:dkeyp-2e4
ENSDARG00000117079,CR848674.1
ENSDARG00000115230,alx1
ENSDARG00000088507,znf982
ENSDARG00000070939,znf740a
ENSDARG00000115593,CR847895.1
ENSDARG00000006939,tbx6l
ENSDARG00000070353,hoxc13a
ENSDARG00000045681,irf5
ENSDARG00000000018,nrf1
ENSDARG00000098604,si:dkey-14o6
ENSDARG00000114642,CR318628.2
ENSDARG00000005453,foxp2
ENSDARG00000115737,AL954741.4
ENSDARG00000098281,si:dkey-237m9
ENSDARG00000070348,hoxc10a
ENSDARG00000076120,foxp4
ENSDARG00000096210,znf1050
ENSDARG00000016454,esr2a
ENSDARG00000090769,si:dkey-51d8
ENSDARG00000017121,mafba
ENSDARG00000109211,znf979
ENSDARG00000113373,CR456682.2
ENSDARG00000061509,tbx3b
ENSDARG00000037964,lhx2a
ENSDARG00000087074,znf574
ENSDARG00000094443,znf1036
ENSDARG00000112408,BX005395.2
ENSDARG00000094343,si:dkey-20i20
ENSDARG00000090721,prdm2a
ENSDARG00000057649,satb1a
ENSDARG00000113160,BX255951.1
ENSDARG00000003251,zbtb22b
ENSDARG00000088123,znf217
ENSDARG00000062420,nfia
ENSDARG00000098389,znf1015
ENSDARG00000102581,si:dkeyp-44b5
ENSDARG00000092027,si:dkey-20i20
ENSDARG00000017107,nr2e1
ENSDARG00000109690,BX928740.1
ENSDARG00000111583,LO018550.2
ENSDARG00000115937,AL772209.1
ENSDARG00000078676,myrf
ENSDARG00000099002,creb5a
ENSDARG00000036816,pou2f2a
ENSDARG00000070954,hmx2
ENSDARG00000018025,tbx2a
ENSDARG00000012435,spic
ENSDARG00000069989,bnc2
ENSDARG00000006514,her6
ENSDARG00000033971,prrx1a
ENSDARG00000057231,rorca
ENSDARG00000087544,BX510934.1
ENSDARG00000059370,nr1d4b
ENSDARG00000053800,si:ch211-276c2
ENSDARG00000111379,pax10
ENSDARG00000023903,atf2
ENSDARG00000104773,junbb
ENSDARG00000038306,tsc22d1
ENSDARG00000036542,pknox1
ENSDARG00000098811,LO018021.1
ENSDARG00000114542,AL953901.3
ENSDARG00000020872,nfat5a
ENSDARG00000053129,carhsp1
ENSDARG00000061836,nfixb
ENSDARG00000007184,zbtb16a
ENSDARG00000114172,znf996
ENSDARG00000025891,shox
ENSDARG00000100940,nr5a2
ENSDARG00000110204,isl1l
ENSDARG00000116242,CR392367.3
ENSDARG00000052618,ahrrb
ENSDARG00000011696,esrrgb
ENSDARG00000014480,nr6a1b
ENSDARG00000008906,si:ch211-241e1
ENSDARG00000011818,batf
ENSDARG00000011785,tbx6
ENSDARG00000068976,bsx
ENSDARG00000053263,zgc:113372
ENSDARG00000113351,BX000702.3
ENSDARG00000020417,emx3
ENSDARG00000014321,en1a
ENSDARG00000035290,dmrt3a
ENSDARG00000063153,bcl11ab
ENSDARG00000013533,hoxb4a
ENSDARG00000033160,nr1d1
ENSDARG00000101756,im:7141269
ENSDARG00000070107,six7
ENSDARG00000031664,sox21a
ENSDARG00000025032,nr3c1
ENSDARG00000098439,nr1h3
ENSDARG00000057859,hoxd10a
ENSDARG00000008247,vezf1a
ENSDARG00000035066,ubtf
ENSDARG00000116819,CR847495.2
ENSDARG00000091025,znf985
ENSDARG00000112145,znf1174
ENSDARG00000000966,ncor2
ENSDARG00000102884,si:ch211-145h19
ENSDARG00000097134,si:dkey-7i4
ENSDARG00000040237,mef2d
ENSDARG00000035680,zgc:113424
ENSDARG00000071469,znf618
ENSDARG00000092605,znf1003
ENSDARG00000075417,zgc:175107
ENSDARG00000110433,znf997
ENSDARG00000110991,zgc:158366
ENSDARG00000076512,si:ch211-265g22
ENSDARG00000101223,si:ch211-229l10
ENSDARG00000021032,foxd3
ENSDARG00000043923,sox9b
ENSDARG00000019774,zhx3
ENSDARG00000091869,zgc:162958
ENSDARG00000030347,mespba
ENSDARG00000102033,zgc:193790
ENSDARG00000112811,CZQB01141835.1
ENSDARG00000058342,grhl2a
ENSDARG00000098424,CABZ01079241.1
ENSDARG00000015902,stat6
ENSDARG00000062165,tub
ENSDARG00000026599,en2a
ENSDARG00000114437,zgc:173705
ENSDARG00000077946,smarcc2
ENSDARG00000116861,BX572646.2
ENSDARG00000095135,si:ch73-266f23
ENSDARG00000052511,lin28b
ENSDARG00000113129,CR848813.2
ENSDARG00000098991,znf1095
ENSDARG00000098142,CR391944.1
ENSDARG00000104888,si:dkey-28i19
ENSDARG00000101628,ascl1b
ENSDARG00000096828,si:ch73-144d13
ENSDARG00000099743,zgc:113019
ENSDARG00000113174,BX001014.4
ENSDARG00000109251,si:dkey-4e4
ENSDARG00000053650,foxb1b
ENSDARG00000111589,BX294188.3
ENSDARG00000099427,nkx1.2lb
ENSDARG00000027933,glis1b
ENSDARG00000061030,vezf1b
ENSDARG00000099917,znf1005
ENSDARG00000116922,BX928757.1
ENSDARG00000031307,zic4
ENSDARG00000104041,CR388132.2
ENSDARG00000111395,BX005335.2
ENSDARG00000094426,her4
ENSDARG00000104208,zgc:172128
ENSDARG00000079964,dlx2a
ENSDARG00000092160,ferd3l
ENSDARG00000103405,znf1102
ENSDARG00000102631,hoxc11b
ENSDARG00000021163,thrb
ENSDARG00000059263,hoxd12a
ENSDARG00000102154,si:dkey-262g12
ENSDARG00000089032,si:ch211-154o6
ENSDARG00000114487,BX936450.3
ENSDARG00000077431,usf3
ENSDARG00000097086,si:dkey-172k15
ENSDARG00000104858,znf740a
ENSDARG00000029764,mef2ca
ENSDARG00000035887,zgc:91944
ENSDARG00000019293,tfdp1a
ENSDARG00000061810,si:dkey-110c1
ENSDARG00000105301,sox8a
ENSDARG00000104485,si:ch1073-224n8
ENSDARG00000105295,LO017784.1
ENSDARG00000073915,znf1085
ENSDARG00000059267,hoxd11a
ENSDARG00000008119,si:ch211-195d17
ENSDARG00000080016,si:cabz01032454
ENSDARG00000103441,znf1060
ENSDARG00000112354,zic2b
ENSDARG00000096575,si:dkey-182i3
ENSDARG00000055106,znf148
ENSDARG00000055398,foxc1b
ENSDARG00000007241,mycb
ENSDARG00000116023,CR318589.2
ENSDARG00000009550,foxi3b
ENSDARG00000069726,glis3
ENSDARG00000069196,ebf1b
ENSDARG00000101946,si:dkey-92j16
ENSDARG00000078266,twist2
ENSDARG00000044301,atf1
ENSDARG00000029830,myf6
ENSDARG00000015064,esrrd
ENSDARG00000055588,stat5b
ENSDARG00000061774,mbd3a
ENSDARG00000007413,arid2
ENSDARG00000112821,BX890597.3
ENSDARG00000073857,klf7a
ENSDARG00000089368,hopx
ENSDARG00000028148,pax2a
ENSDARG00000101106,si:ch73-109d9
ENSDARG00000008540,sox21b
ENSDARG00000099048,znf1070
ENSDARG00000005586,zbtb20
ENSDARG00000113441,klf2a
ENSDARG00000100478,CABZ01117619.1
ENSDARG00000115564,si:ch211-271g18
ENSDARG00000059276,hoxd4a
ENSDARG00000105261,nfkb1
ENSDARG00000112252,zgc:171506
ENSDARG00000056541,nr0b1
ENSDARG00000088820,FP326649.1
ENSDARG00000062338,zeb2a
ENSDARG00000105019,znf1065
ENSDARG00000086449,znf1055
ENSDARG00000059020,thap1
ENSDARG00000036073,cebpg
ENSDARG00000044685,nr0b2a
ENSDARG00000053209,smad6a
ENSDARG00000115326,znf1002
ENSDARG00000071560,dlx4b
ENSDARG00000111043,FO681288.3
ENSDARG00000014218,mecp2
ENSDARG00000094308,si:dkey-247i3
ENSDARG00000044511,etv5b
ENSDARG00000098901,CABZ01002768.1
ENSDARG00000090387,onecut2
ENSDARG00000061373,znf142
ENSDARG00000097627,si:dkey-7i4
ENSDARG00000054984,zbtb41
ENSDARG00000008131,sox1b
ENSDARG00000104566,foxi1
ENSDARG00000101096,cebp1
ENSDARG00000014091,osr1
ENSDARG00000115859,stat6
ENSDARG00000111273,BX284691.2
ENSDARG00000092508,si:ch73-376l24
ENSDARG00000091679,FO704858.1
ENSDARG00000101524,znf1080
ENSDARG00000088961,CR356227.1
ENSDARG00000045695,myca
ENSDARG00000024844,max
ENSDARG00000071565,hnf4g
ENSDARG00000088915,si:ch211-241n15
ENSDARG00000071467,zbtb33
ENSDARG00000005186,sp4
ENSDARG00000038006,osr2
ENSDARG00000102389,ved
ENSDARG00000007349,dmrt1
ENSDARG00000023217,crema
ENSDARG00000104074,znf1052
ENSDARG00000086362,pou6f2
ENSDARG00000013031,mta2
ENSDARG00000058008,six3a
ENSDARG00000070338,hoxc4a
ENSDARG00000100087,evx1
ENSDARG00000017195,foxf2a
ENSDARG00000116723,BX470259.5
ENSDARG00000100653,si:dkeyp-82b4
ENSDARG00000037639,nkx3
ENSDARG00000109908,si:ch211-154o6
ENSDARG00000056438,her9
ENSDARG00000042492,si:dkey-250d21
ENSDARG00000062445,pias1b
ENSDARG00000008861,tfap2e
ENSDARG00000038429,csrnp1b
ENSDARG00000093143,znf1010
ENSDARG00000005150,tbx20
ENSDARG00000019646,twist3
ENSDARG00000071497,zic3
ENSDARG00000098324,si:cabz01054394
ENSDARG00000114108,BX005085.5
ENSDARG00000089503,si:ch73-367f21
ENSDARG00000068168,hes2
ENSDARG00000111963,AL935304.4
ENSDARG00000030616,nfe2l1a
ENSDARG00000042577,batf3
ENSDARG00000039701,emx2
ENSDARG00000025847,sox12
ENSDARG00000037891,mlx
ENSDARG00000113067,AL954322.4
ENSDARG00000062231,znf362b
ENSDARG00000069869,zgc:113030
ENSDARG00000102339,si:dkey-5n7
ENSDARG00000057737,rxraa
ENSDARG00000052695,nr2f1a
ENSDARG00000105713,CU570689.2
ENSDARG00000056030,hoxb7a
ENSDARG00000112541,znf1093
ENSDARG00000116556,im:7142702
ENSDARG00000096026,si:dkey-4e4
ENSDARG00000111231,AL844847.3
ENSDARG00000040046,snai2
ENSDARG00000036043,znf408
ENSDARG00000116769,LO018191.1
ENSDARG00000037192,zgc:113364
ENSDARG00000113841,AL844172.1
ENSDARG00000112509,BX548053.1
ENSDARG00000094612,si:dkey-262g12
ENSDARG00000044356,tp63
ENSDARG00000037760,uncx4
ENSDARG00000042291,dlx6a
ENSDARG00000026453,zgc:66474
ENSDARG00000063056,tulp4b
ENSDARG00000114187,BX927212.1
ENSDARG00000113141,znf1018
ENSDARG00000016154,zfp36l1a
ENSDARG00000002216,tbx3a
ENSDARG00000116181,znf1119
ENSDARG00000014825,si:dkeyp-69b9
ENSDARG00000025187,six6a
ENSDARG00000040955,dharma
ENSDARG00000060529,nkx6
ENSDARG00000109466,si:dkeyp-77c4
ENSDARG00000030125,sox7
ENSDARG00000055798,heyl
ENSDARG00000087094,foxa
ENSDARG00000004023,isl1
ENSDARG00000102800,CABZ01081752.2
ENSDARG00000036855,plagx
ENSDARG00000056012,eve1
ENSDARG00000113468,dbx1b
ENSDARG00000111716,si:ch211-162i8
ENSDARG00000041072,mier1a
ENSDARG00000103648,znf536
ENSDARG00000076584,patz1
ENSDARG00000112141,znf1169
ENSDARG00000059327,gata2a
ENSDARG00000068365,lmx1bb
ENSDARG00000109542,BX649598.1
ENSDARG00000095170,lrrfip1b
ENSDARG00000007812,sp3b
ENSDARG00000099670,znf1074
ENSDARG00000111061,AL929010.1
ENSDARG00000040253,onecutl
ENSDARG00000101710,arid1aa
ENSDARG00000100335,znf1104
ENSDARG00000106565,CABZ01066720.1
ENSDARG00000023316,sim1a
ENSDARG00000100401,CABZ01067175.1
ENSDARG00000025824,dmtf1
ENSDARG00000061174,znf740b
ENSDARG00000115999,arnt
ENSDARG00000111614,si:ch211-255f4
ENSDARG00000100686,si:ch211-241b2
ENSDARG00000007941,hmx4
ENSDARG00000095455,si:dkey-20i20
ENSDARG00000114890,mespaa
ENSDARG00000116714,CR812847.6
ENSDARG00000067729,arid3c
ENSDARG00000100244,ebf3a
ENSDARG00000059255,evx2
ENSDARG00000095007,sinhcafl
ENSDARG00000041098,barx2
ENSDARG00000003732,mitfa
ENSDARG00000016994,ssrp1b
ENSDARG00000020884,gli2b
ENSDARG00000113769,znf1139
ENSDARG00000042027,prrx1b
ENSDARG00000058004,six2a
ENSDARG00000114558,si:dkey-233e3
ENSDARG00000007891,meox1
ENSDARG00000011635,scxb
ENSDARG00000104361,barhl2
ENSDARG00000110003,BX005085.4
ENSDARG00000034956,myclb
ENSDARG00000111969,FQ377628.2
ENSDARG00000056027,hoxb8a
ENSDARG00000100329,znf1056
ENSDARG00000034785,dachb
ENSDARG00000096797,si:ch73-127m5
ENSDARG00000100112,znf1118
ENSDARG00000100486,foxo6a
ENSDARG00000017366,prdm4
ENSDARG00000011703,clocka
ENSDARG00000070843,arid3a
ENSDARG00000013492,zbtb34
ENSDARG00000079738,znf219
ENSDARG00000011609,si:ch211-262e15
ENSDARG00000045661,irf7
ENSDARG00000090836,si:ch211-191d2
ENSDARG00000057328,cth1
ENSDARG00000110185,myclb
ENSDARG00000020926,creb3l3l
ENSDARG00000115588,si:dkeyp-82b4
ENSDARG00000006615,hnf1ba
ENSDARG00000028949,ZBTB26
ENSDARG00000110682,CR392332.1
ENSDARG00000115723,CR385085.1
ENSDARG00000110442,zgc:158234
ENSDARG00000105053,CABZ01093502.1
ENSDARG00000078210,tulp1b
ENSDARG00000006560,irf4a
ENSDARG00000104307,hoxa1a
ENSDARG00000004594,znf800a
ENSDARG00000112781,BX908387.2
ENSDARG00000031709,mllt1b
ENSDARG00000103375,si:ch211-161m3
ENSDARG00000101817,BX649521.1
ENSDARG00000038243,e4f1
ENSDARG00000054304,homeza
ENSDARG00000013794,klf11b
ENSDARG00000074346,l3mbtl1b
ENSDARG00000114724,BX890624.3
ENSDARG00000038868,en2b
ENSDARG00000076255,znf1084
ENSDARG00000116177,znf1127
ENSDARG00000077852,samd11
ENSDARG00000098958,znf1100
ENSDARG00000036168,nfatc1
ENSDARG00000036569,bach2a
ENSDARG00000076920,ZNF335
ENSDARG00000093713,si:dkey-256i11
ENSDARG00000100163,tox4b
ENSDARG00000061110,zbtb44
ENSDARG00000042296,dlx5a
ENSDARG00000079741,CSRNP3
ENSDARG00000069912,hmga2
ENSDARG00000042477,nr2c2
ENSDARG00000010270,fezf1
ENSDARG00000116839,pbrm1l
ENSDARG00000032317,tox
ENSDARG00000111418,BX908765.2
ENSDARG00000114024,BX927365.2
ENSDARG00000098867,PRDM15
ENSDARG00000104815,lmx1ba
ENSDARG00000057586,sall3b
ENSDARG00000013575,rfx2
ENSDARG00000113654,CU861574.1
ENSDARG00000069715,foxi2
ENSDARG00000115617,CR932000.2
ENSDARG00000100985,zbtb7c
ENSDARG00000104082,trps1
ENSDARG00000103471,si:dkey-199m13
ENSDARG00000103751,si:dkey-262g12
ENSDARG00000090679,si:ch211-79k12
ENSDARG00000105728,si:ch73-266f23
ENSDARG00000104038,znf1023
ENSDARG00000092359,si:dkeyp-113d7
ENSDARG00000008278,rcor2
ENSDARG00000110589,CU929568.3
ENSDARG00000092088,si:dkey-4c15
ENSDARG00000043973,znf292b
ENSDARG00000100587,si:ch211-235i11
ENSDARG00000055502,cicb
ENSDARG00000060900,znf362a
ENSDARG00000114971,BX571708.1
ENSDARG00000044155,mafaa
ENSDARG00000063555,si:ch211-166g5
ENSDARG00000114894,znf1026
ENSDARG00000075670,rereb
ENSDARG00000044038,zbtb2a
ENSDARG00000003769,tada2b
ENSDARG00000103697,arnt2
ENSDARG00000036096,smad3a
ENSDARG00000044774,pou5f3
ENSDARG00000114279,BX276128.6
ENSDARG00000113336,CT573494.3
ENSDARG00000099365,evx1
ENSDARG00000100192,znf1155
ENSDARG00000021959,zgc:101100
ENSDARG00000100842,si:ch211-223a21
ENSDARG00000029497,tfcp2l1
ENSDARG00000005549,znf710b
ENSDARG00000089697,nfe2l2b
ENSDARG00000110802,znf1149
ENSDARG00000035622,xbp1
ENSDARG00000076272,znf1041
ENSDARG00000030479,hmgb1b
ENSDARG00000095051,si:ch211-236l14
ENSDARG00000070818,pax7b
ENSDARG00000105075,BX324216.2
ENSDARG00000102899,cremb
ENSDARG00000115096,FO704836.1
ENSDARG00000111506,BX470259.3
ENSDARG00000087249,znf1011
ENSDARG00000093041,si:ch211-234c11
ENSDARG00000076451,prdm2b
ENSDARG00000057782,baz2ba
ENSDARG00000078279,foxp3b
ENSDARG00000001857,aff4
ENSDARG00000070048,zgc:173548
ENSDARG00000098898,si:ch211-255f4
ENSDARG00000113843,CR762426.2
ENSDARG00000101576,tbxta
ENSDARG00000110008,znf1004
ENSDARG00000038561,klf6b
ENSDARG00000116992,znf1051
ENSDARG00000115060,CR558303.2
ENSDARG00000042835,tfdp2
ENSDARG00000110670,znf1092
ENSDARG00000111472,AL807792.3
ENSDARG00000036074,cebpa
ENSDARG00000036869,tcf21
ENSDARG00000097521,si:dkey-111k8
ENSDARG00000042041,tal2
ENSDARG00000040623,fosl2
ENSDARG00000114908,znf1088
ENSDARG00000060306,tfcp2
ENSDARG00000060734,appl1
ENSDARG00000077987,zfat
ENSDARG00000055374,irf4b
ENSDARG00000099025,CU915778.1
ENSDARG00000110323,znf986
ENSDARG00000113070,CR391911.1
ENSDARG00000071833,znf1162
ENSDARG00000098426,si:dkey-56m15
ENSDARG00000114808,BX928754.3
ENSDARG00000055854,nr4a3
ENSDARG00000096948,im:7143333
ENSDARG00000069289,gabpa
ENSDARG00000061818,meox2b
ENSDARG00000039302,terfa
ENSDARG00000039185,nfyba
ENSDARG00000007720,sub1b
ENSDARG00000095397,znf1170
ENSDARG00000042989,si:dkeyp-84f3
ENSDARG00000112770,CR318628.1
ENSDARG00000099021,setdb1b
ENSDARG00000040948,olig1
ENSDARG00000116191,CR381651.6
ENSDARG00000035735,gsx1
ENSDARG00000113713,znf1103
ENSDARG00000116587,znf980
ENSDARG00000053586,creb1a
ENSDARG00000103078,zgc:174222
ENSDARG00000075560,kmt2cb
ENSDARG00000098664,si:dkeyp-53d3
ENSDARG00000029179,foxd1
ENSDARG00000111940,CR392331.1
ENSDARG00000112355,barhl1a
ENSDARG00000042857,si:ch211-246m6
ENSDARG00000109725,AL929576.2
ENSDARG00000110782,bsx
ENSDARG00000112251,BX908748.1
ENSDARG00000058702,vax2
ENSDARG00000112874,znf1067
ENSDARG00000103862,hoxa3a
ENSDARG00000054033,hoxb1b
ENSDARG00000104006,znf1082
ENSDARG00000019961,znf513a
ENSDARG00000044532,nr4a2b
ENSDARG00000112725,si:dkey-22h13
ENSDARG00000099090,znf1087
ENSDARG00000067673,snapc4
ENSDARG00000028228,zbtb18
ENSDARG00000102282,CABZ01063298.1
ENSDARG00000042383,zbtb25
ENSDARG00000001785,irx2a
ENSDARG00000116692,si:ch211-79g12
ENSDARG00000098919,smarcc1b
ENSDARG00000007430,prdm12b
ENSDARG00000062401,znf319b
ENSDARG00000078459,cux1a
ENSDARG00000009823,pou3f1
ENSDARG00000007996,pou2f1b
ENSDARG00000096856,znf1012
ENSDARG00000104199,si:dkey-43p13
ENSDARG00000039569,emx1
ENSDARG00000062302,znf652
ENSDARG00000111442,zgc:100951
ENSDARG00000074009,znf1059
ENSDARG00000006389,smad2
ENSDARG00000070220,pou3f2a
ENSDARG00000105690,zgc:194215
ENSDARG00000056729,her4.2
ENSDARG00000001447,mier1b
ENSDARG00000008305,hand2
ENSDARG00000104798,BX510922.2
ENSDARG00000044375,zgc:158291
ENSDARG00000103700,si:ch211-239d6
ENSDARG00000102551,jazf1a
ENSDARG00000023058,foxo3a
ENSDARG00000116194,BX897688.2
ENSDARG00000094469,si:ch211-148l7
ENSDARG00000007081,pias4a
ENSDARG00000023362,nr5a1b
ENSDARG00000045131,id4
ENSDARG00000112831,znf1116
ENSDARG00000024894,tbx5a
ENSDARG00000095704,si:dkey-4c15
ENSDARG00000037397,ssrp1a
ENSDARG00000116278,CR788257.3
ENSDARG00000086296,BX649307.1
ENSDARG00000011879,foxn1
ENSDARG00000002582,tbx15
ENSDARG00000097255,si:dkey-77f5
ENSDARG00000059279,tfap2a
ENSDARG00000077085,zgc:110821
ENSDARG00000035695,scxa
ENSDARG00000020354,lmx1a
ENSDARG00000075226,smad4a
ENSDARG00000018321,lbx1a
ENSDARG00000098800,znf1156
ENSDARG00000075269,si:dkey-20i10
ENSDARG00000112617,smad1
ENSDARG00000111939,atf4a
ENSDARG00000058379,otpb
ENSDARG00000110466,znf989
ENSDARG00000006837,mycn
ENSDARG00000110637,si:ch211-212k5
ENSDARG00000021055,isl1l
ENSDARG00000037073,si:dkey-60a16
ENSDARG00000101690,si:ch73-158p21
ENSDARG00000071714,si:dkey-20i20
ENSDARG00000008986,e2f7
ENSDARG00000109319,znf1030
ENSDARG00000103458,znf1126
ENSDARG00000102111,zbtb49
ENSDARG00000098350,mxd3
ENSDARG00000035966,pgr
ENSDARG00000016304,tfdp1b
ENSDARG00000060395,si:dkey-57k2
ENSDARG00000078280,nkx3-1
ENSDARG00000005010,si:dkeyp-2e4
ENSDARG00000092139,si:dkey-247i3
ENSDARG00000101760,znf1016
ENSDARG00000055630,foxh1
ENSDARG00000014550,rfx3
ENSDARG00000007271,mynn
ENSDARG00000070390,flad1
ENSDARG00000111099,BX950188.3
ENSDARG00000102156,si:dkey-264f17
ENSDARG00000092436,BX537137.1
ENSDARG00000093994,znf1058
ENSDARG00000015998,wdhd1
ENSDARG00000102053,znf1164
ENSDARG00000076182,stat1b
ENSDARG00000025983,l3mbtl3
ENSDARG00000075533,zbtb24
ENSDARG00000110178,CABZ01066694.1
ENSDARG00000100361,znf1174
ENSDARG00000078416,zeb2b
ENSDARG00000100142,znf1083
ENSDARG00000110229,zgc:173702
ENSDARG00000100793,CR450785.1
ENSDARG00000103237,si:ch73-299h12
ENSDARG00000037068,IKZF4
ENSDARG00000096497,si:dkey-22h13
ENSDARG00000110769,znf1098
ENSDARG00000100502,BX005448.1
ENSDARG00000054003,rargb
ENSDARG00000103875,CABZ01048402.2
ENSDARG00000055283,id2a
ENSDARG00000007198,mta1
ENSDARG00000079035,zgc:174573
ENSDARG00000025699,mbd1b
ENSDARG00000052654,thrab
ENSDARG00000102449,CABZ01048402.1
ENSDARG00000110926,AL935169.2
ENSDARG00000092766,si:dkeyp-68b7
ENSDARG00000008333,znfl2a
ENSDARG00000110946,znf1110
ENSDARG00000093254,znf569l
ENSDARG00000041243,setdb1a
ENSDARG00000058598,sox18
ENSDARG00000112533,AL732488.3
ENSDARG00000102791,zgc:174704
ENSDARG00000042106,mnx2a
ENSDARG00000092608,si:dkey-262g12
ENSDARG00000000476,pms1
ENSDARG00000021494,hnf4a
ENSDARG00000102099,si:ch211-255f4
ENSDARG00000114645,BX942815.1
ENSDARG00000007982,onecut1
ENSDARG00000104697,si:dkey-57k17
ENSDARG00000057707,zgc:66443
ENSDARG00000113592,CU468289.1
ENSDARG00000068096,atf5a
ENSDARG00000099009,si:dkey-50i6
ENSDARG00000088000,znf1057
ENSDARG00000091287,ebf3b
ENSDARG00000103420,si:dkey-56m15
ENSDARG00000035285,ncor1
ENSDARG00000091029,phox2bb
ENSDARG00000033498,rorb
ENSDARG00000095198,znf1132
ENSDARG00000035559,tp53
ENSDARG00000097657,si:dkey-7i4
ENSDARG00000060885,znf592
ENSDARG00000003631,clockb
ENSDARG00000070538,hey1
ENSDARG00000011870,sp8a
ENSDARG00000105692,CABZ01069022.1
ENSDARG00000109541,AL935115.2
ENSDARG00000101365,si:cabz01021430
ENSDARG00000056621,ctcf
ENSDARG00000099277,znf1039
ENSDARG00000115524,znf1118
ENSDARG00000056079,l3mbtl2
ENSDARG00000104170,si:dkey-208k4
ENSDARG00000101292,si:dkey-201g16
ENSDARG00000028957,maff
ENSDARG00000097180,si:dkey-7i4
ENSDARG00000098952,gata4
ENSDARG00000002510,dmbx1b
ENSDARG00000089042,foxb1a
ENSDARG00000077982,elf3
ENSDARG00000012699,bbx
ENSDARG00000006120,tbx2b
ENSDARG00000075666,tsc22d3
ENSDARG00000098609,AL954741.1
ENSDARG00000115674,smad1
ENSDARG00000086055,si:dkey-7e14
ENSDARG00000099483,vdra
ENSDARG00000059109,si:dkeyp-113d7
ENSDARG00000090656,tomm20a
ENSDARG00000003820,nr1d2a
ENSDARG00000061885,satb2
ENSDARG00000100324,AL627305.1
ENSDARG00000115619,CR293501.10
ENSDARG00000019299,znf687b
ENSDARG00000106989,CABZ01083862.1
ENSDARG00000010400,lrrfip2
ENSDARG00000111875,CR450785.2
ENSDARG00000116546,znf987
ENSDARG00000093672,zgc:171435
ENSDARG00000032963,her12
ENSDARG00000112895,FO834857.1
ENSDARG00000054878,six2b
ENSDARG00000097685,si:ch211-235i11
ENSDARG00000073912,si:ch211-202h22
ENSDARG00000031768,roraa
ENSDARG00000006192,gatad2ab
ENSDARG00000099612,zgc:66483
ENSDARG00000078191,zbtb46
ENSDARG00000069327,nkx3
ENSDARG00000059073,gsc
ENSDARG00000099849,ebf3a
ENSDARG00000114299,CR847789.2
ENSDARG00000063145,tfam
ENSDARG00000030896,foxq1a
ENSDARG00000110598,CR354582.3
ENSDARG00000070151,nfyc
ENSDARG00000096141,zgc:173624
ENSDARG00000099731,CABZ01066719.1
ENSDARG00000041581,znf143b
ENSDARG00000023272,tfap2d
ENSDARG00000104737,si:ch211-223a21
ENSDARG00000015536,sox6
ENSDARG00000098193,znf998
ENSDARG00000071496,zic6
ENSDARG00000031222,lhx2b
ENSDARG00000074453,zfx
ENSDARG00000102027,si:dkey-172k15
ENSDARG00000020228,usf2
ENSDARG00000091994,znf1048
ENSDARG00000100497,hic2
ENSDARG00000103483,litaf
ENSDARG00000006408,hmgb3b
ENSDARG00000109703,FO834825.1
ENSDARG00000096189,si:dkey-54j5
ENSDARG00000078388,glis2a
ENSDARG00000098031,si:ch73-144d13
ENSDARG00000100232,glis2b
ENSDARG00000102082,nr3c2
ENSDARG00000101623,znf992
ENSDARG00000062510,bcl11ba
ENSDARG00000116217,creb3l3l
ENSDARG00000076657,plagl2
ENSDARG00000042145,lhx8b
ENSDARG00000017821,gata5
ENSDARG00000062553,bach1a
ENSDARG00000102974,baz2a
ENSDARG00000111696,sall1a
ENSDARG00000110194,CT737172.1
ENSDARG00000076171,znf827
ENSDARG00000015495,klf3
ENSDARG00000109697,znf1025
ENSDARG00000074768,zgc:113295
ENSDARG00000100995,si:dkey-16b10
ENSDARG00000101093,zgc:162971
ENSDARG00000040116,znf366
ENSDARG00000112520,BX322666.2
ENSDARG00000011582,sox5
ENSDARG00000102411,CR847850.1
ENSDARG00000073821,znf1177
ENSDARG00000102950,si:ch211-241b2
ENSDARG00000111192,CR376839.2
ENSDARG00000004697,rxrgb
ENSDARG00000114820,nfe2l1b
ENSDARG00000113600,BX005289.1
ENSDARG00000101076,irx3a
ENSDARG00000019835,nkx2
ENSDARG00000052610,olig4
ENSDARG00000114893,znf1038
ENSDARG00000115522,hnf1ba
ENSDARG00000074148,rbpjl
ENSDARG00000075194,si:dkey-56e3
ENSDARG00000041572,zfpm1
ENSDARG00000116815,zgc:173575
ENSDARG00000053990,hmgb2b
ENSDARG00000088367,si:cabz01069013
ENSDARG00000011273,tlx2
ENSDARG00000006896,lhx6
ENSDARG00000101023,msx2b
ENSDARG00000043797,cdc5l
ENSDARG00000114143,klf3
ENSDARG00000095521,znf1090
ENSDARG00000098270,znf1053
ENSDARG00000093478,si:ch211-197e7
ENSDARG00000015890,mafa
ENSDARG00000070769,foxg1a
ENSDARG00000114396,znf1017
ENSDARG00000112470,CR293501.5
ENSDARG00000110011,BX470236.1
ENSDARG00000109366,BX321871.1
ENSDARG00000101694,znf1184
ENSDARG00000059226,zbtb8a
ENSDARG00000094903,si:ch211-231i17
ENSDARG00000110427,CABZ01057488.2
ENSDARG00000114562,arntl1b
ENSDARG00000062106,klf5b
ENSDARG00000109324,CR556715.1
ENSDARG00000111349,CR405716.1
ENSDARG00000008218,znf410
ENSDARG00000100312,hoxa13a
ENSDARG00000054031,mxd4
ENSDARG00000069342,zgc:153115
ENSDARG00000110816,CR361551.2
ENSDARG00000110553,mespba
ENSDARG00000102559,si:dkey-16p19
ENSDARG00000104686,hsf5
ENSDARG00000011570,pou6f1
ENSDARG00000112061,CT737127.1
ENSDARG00000022712,stat3
ENSDARG00000108441,CU570894.1
ENSDARG00000113016,CU207245.1
ENSDARG00000112369,si:dkey-179k24
ENSDARG00000102363,si:ch73-138e16
ENSDARG00000095732,znf423
ENSDARG00000076082,CABZ01041962.1
ENSDARG00000038159,tcf7l1a
ENSDARG00000031046,nr1h5
ENSDARG00000071790,znf1153
ENSDARG00000079699,zgc:162612
ENSDARG00000011579,hoxb10a
ENSDARG00000040123,zfpm2a
ENSDARG00000116271,BX470259.4
ENSDARG00000093378,si:ch211-235i11
ENSDARG00000104561,znf1081
ENSDARG00000002795,meis3
ENSDARG00000099845,zgc:174275
ENSDARG00000104783,si:ch73-221f6
ENSDARG00000114236,znf974
ENSDARG00000113055,BX000353.1
ENSDARG00000037405,zgc:112083
ENSDARG00000116693,AL773596.1
ENSDARG00000008010,zgc:194189
ENSDARG00000052131,gli3
ENSDARG00000111831,CR407594.1
ENSDARG00000015554,zic2a
ENSDARG00000103530,zgc:113102
ENSDARG00000095332,si:dkey-14d8
ENSDARG00000114554,cdx1a
ENSDARG00000100434,znf1091
ENSDARG00000116348,CR847871.1
ENSDARG00000092938,znf1047
ENSDARG00000089953,si:ch73-367f21
ENSDARG00000103949,zbtb12
ENSDARG00000004864,zgc:171734
ENSDARG00000020655,INSM2
ENSDARG00000015506,klf5a
ENSDARG00000073957,tox3
ENSDARG00000073726,zbtb32
ENSDARG00000094043,si:ch73-376l24
ENSDARG00000101717,sox17
ENSDARG00000060661,klf8
ENSDARG00000103827,znf1144
ENSDARG00000101528,si:ch211-194h1
ENSDARG00000100179,gb:ai877918
ENSDARG00000038476,si:dkeyp-68b7
ENSDARG00000038133,zgc:113411
ENSDARG00000001549,sp3a
ENSDARG00000052894,znf532
ENSDARG00000070458,zgc:153292
ENSDARG00000099718,CU929391.3
ENSDARG00000110788,zbed4
ENSDARG00000108175,BX571760.1
ENSDARG00000016536,npas2
ENSDARG00000095149,znf1062
ENSDARG00000098767,CABZ01007829.1
ENSDARG00000117146,smad3a
ENSDARG00000004502,rcor3
ENSDARG00000079266,foxe1
ENSDARG00000115183,BX004818.3
ENSDARG00000015879,pax8
ENSDARG00000016951,neurog3
ENSDARG00000114587,BX255951.2
ENSDARG00000109819,dmtf1
ENSDARG00000032264,mybl2b
ENSDARG00000095745,si:ch73-138e16
ENSDARG00000076857,her3
ENSDARG00000115563,egr1
ENSDARG00000104294,BX510909.1
ENSDARG00000076252,si:dkey-247i3
ENSDARG00000109505,BX682238.1
ENSDARG00000111550,CABZ01002702.1
ENSDARG00000043483,otx5
ENSDARG00000114571,BX248325.4
ENSDARG00000115000,hmx4
ENSDARG00000086631,rnh1
ENSDARG00000100927,nfatc2a
ENSDARG00000111824,si:dkey-199m13
ENSDARG00000062902,si:dkey-220f10
ENSDARG00000087438,spi2
ENSDARG00000092816,si:dkey-93n13
ENSDARG00000067976,ar
ENSDARG00000077038,pbrm1l
ENSDARG00000103582,znf1166
ENSDARG00000059337,tgif1
ENSDARG00000079236,si:dkey-253d23
ENSDARG00000115813,AL935195.4
ENSDARG00000088290,foxj1b
ENSDARG00000091477,znf1066
ENSDARG00000062060,gmeb1
ENSDARG00000103777,znf1001
ENSDARG00000017400,klf1
ENSDARG00000000767,spi1b
ENSDARG00000078954,rxrba
ENSDARG00000020964,thap12b
ENSDARG00000025899,pnx
ENSDARG00000098071,znf1049
ENSDARG00000115051,hmx3a
ENSDARG00000019566,neurod1
ENSDARG00000113666,znf1173
ENSDARG00000109820,NPAS3
ENSDARG00000099173,BX530097.1
ENSDARG00000005574,vsx2
ENSDARG00000007387,irf2a
ENSDARG00000104641,si:ch211-261d7
ENSDARG00000103196,zgc:113343
ENSDARG00000098876,si:dkey-199m13
ENSDARG00000111799,BX004964.1
ENSDARG00000030844,klf11a
ENSDARG00000105137,zgc:173705
ENSDARG00000030110,myod1
ENSDARG00000056395,onecut3a
ENSDARG00000112223,zgc:153292
ENSDARG00000114646,znf1021
ENSDARG00000116377,CR847983.3
ENSDARG00000105689,znf1009
ENSDARG00000094725,si:ch211-284e13
ENSDARG00000071868,znf711
ENSDARG00000114230,BX649351.2
ENSDARG00000111845,AL935188.1
ENSDARG00000094107,si:ch73-37h15
ENSDARG00000077304,erg
ENSDARG00000114307,CR354612.1
ENSDARG00000071394,foxq2
ENSDARG00000103795,zgc:113348
ENSDARG00000098999,si:ch73-311h14
ENSDARG00000070337,hoxc1a
ENSDARG00000110502,zgc:113090
ENSDARG00000100294,zgc:113209
ENSDARG00000014722,her1
ENSDARG00000067669,zglp1
ENSDARG00000076118,cdip1
ENSDARG00000041839,tsc22d2
ENSDARG00000032197,klf12b
ENSDARG00000100883,CU896630.1
ENSDARG00000109473,AL807377.1
ENSDARG00000026473,six1b
ENSDARG00000010630,hoxb6a
ENSDARG00000112606,BX248128.1
ENSDARG00000054030,hoxb5b
ENSDARG00000104860,si:ch211-128m15
ENSDARG00000100908,lcor
ENSDARG00000071583,gtf3ab
ENSDARG00000017917,her7
ENSDARG00000098758,znf1125
ENSDARG00000035151,si:dkey-261j4
ENSDARG00000037421,egr1
ENSDARG00000097481,si:dkey-77f5
ENSDARG00000101319,si:ch73-299h12
ENSDARG00000114163,CR812472.7
ENSDARG00000099839,si:ch211-9d9
ENSDARG00000053298,nkx2.2a
ENSDARG00000103361,tshz3b
ENSDARG00000101998,si:dkey-1b17
ENSDARG00000101790,si:ch73-299h12
ENSDARG00000071150,cica
ENSDARG00000091762,zbtb40
ENSDARG00000097620,si:ch211-210b2
ENSDARG00000075639,si:ch211-89o9
ENSDARG00000015674,msx3
ENSDARG00000098027,si:dkey-77f5
ENSDARG00000091059,onecut3b
ENSDARG00000076437,zgc:163143
ENSDARG00000045371,prdm14
ENSDARG00000099544,si:dkey-165b20
ENSDARG00000112960,si:dkey-7i4
ENSDARG00000087645,znf1064
ENSDARG00000029930,SPDEF
ENSDARG00000006266,stat1a
ENSDARG00000096000,si:dkey-29j8
ENSDARG00000056175,scrt2
ENSDARG00000105219,znf988
ENSDARG00000102370,znf1094
ENSDARG00000056130,neurog1
ENSDARG00000086626,im:7147486
ENSDARG00000017168,nr2f1b
ENSDARG00000113192,si:dkey-29p23
ENSDARG00000107425,si:dkeyp-35e5
ENSDARG00000112751,BX511129.3
ENSDARG00000004861,esrrb
ENSDARG00000116717,si:dkey-82i20
ENSDARG00000077473,mych
ENSDARG00000116920,BX465848.2
ENSDARG00000069866,sox1a
ENSDARG00000112933,CR769781.2
ENSDARG00000100466,nrl
ENSDARG00000112638,AL929022.1
ENSDARG00000040321,rx2
ENSDARG00000076134,zgc:162972
ENSDARG00000017886,zbtb11
ENSDARG00000116941,nfil3-3
ENSDARG00000099583,CABZ01034082.1
ENSDARG00000116139,cdx1b
ENSDARG00000101593,zgc:163077
ENSDARG00000115868,sp5l
ENSDARG00000052351,ZXDC
ENSDARG00000045166,bhlha15
ENSDARG00000101831,irx1a
ENSDARG00000043492,irf1a
ENSDARG00000098987,znf1071
ENSDARG00000055158,prox1a
ENSDARG00000003607,nr2f6a
ENSDARG00000031983,six4b
ENSDARG00000112928,CR450780.2
ENSDARG00000113626,znf976
ENSDARG00000103721,si:dkey-122c11
ENSDARG00000075470,znf989
ENSDARG00000007369,tcf7l1b
ENSDARG00000086345,cux2b
ENSDARG00000015355,fosl1a
ENSDARG00000103954,si:dkey-1b17
ENSDARG00000091967,ttf1
ENSDARG00000112022,BX248097.3
ENSDARG00000074070,irx5b
ENSDARG00000031426,csrnp1a
ENSDARG00000025641,gli2a
ENSDARG00000103868,e2f1
ENSDARG00000041689,usf1
ENSDARG00000035821,si:ch211-173p18
ENSDARG00000111050,BX649366.4
ENSDARG00000086720,znf1023
ENSDARG00000019459,elf2a
ENSDARG00000069552,atoh7
ENSDARG00000096756,si:ch211-196c10
ENSDARG00000116260,CR847938.3
ENSDARG00000114140,gfi1ab
ENSDARG00000075295,tulp1a
ENSDARG00000105279,si:ch211-108c17
ENSDARG00000053868,etv2
ENSDARG00000110743,BX088721.4
ENSDARG00000069988,arid6
ENSDARG00000093420,creb1b
ENSDARG00000056819,hoxa9b
ENSDARG00000060925,jarid2a
ENSDARG00000104162,hoxa11a
ENSDARG00000110923,BX294188.1
ENSDARG00000040911,meox2a
ENSDARG00000111193,BX548076.4
ENSDARG00000101523,arxb
ENSDARG00000009922,dmbx1a
ENSDARG00000078004,drl
ENSDARG00000098273,zbtb14
ENSDARG00000001210,arl14ep
ENSDARG00000043821,klf7b
ENSDARG00000039602,atoh1c
ENSDARG00000114805,CU469530.2
ENSDARG00000097928,si:ch73-40a17
ENSDARG00000059474,mlxip
ENSDARG00000115381,BX927255.4
ENSDARG00000074897,hes2
ENSDARG00000076214,zgc:165514
ENSDARG00000115220,BX005085.6
ENSDARG00000070352,hoxc12a
ENSDARG00000009822,her4
ENSDARG00000093424,znf1135
ENSDARG00000091127,klf15
ENSDARG00000113922,BX470098.1
ENSDARG00000015482,zgc:113518
ENSDARG00000110597,AL807792.2
ENSDARG00000112070,znf1121
ENSDARG00000096107,BX649516.4
ENSDARG00000061352,bcl11aa
ENSDARG00000059354,glmp
ENSDARG00000074319,sall1a
ENSDARG00000102062,si:dkeyp-82h4
ENSDARG00000113145,CR394540.2
ENSDARG00000105074,BX000701.2
ENSDARG00000104678,CU467646.6
ENSDARG00000105532,znf16l
ENSDARG00000093157,si:ch73-236c18
ENSDARG00000093240,GMEB2
ENSDARG00000102635,znf1037
ENSDARG00000104407,BX649453
ENSDARG00000110856,CABZ01020455.1
ENSDARG00000045936,pax6b
ENSDARG00000042689,zbtb37
ENSDARG00000117113,CR790365.2
ENSDARG00000111950,mxi1
ENSDARG00000032039,mxd1
ENSDARG00000105127,si:ch211-155e24
ENSDARG00000092174,si:ch211-59d15
ENSDARG00000055276,rel
ENSDARG00000052826,runx3
ENSDARG00000112586,si:ch211-283l16
ENSDARG00000071741,zgc:112977
ENSDARG00000094109,znf1168
ENSDARG00000097442,si:dkey-77f5
ENSDARG00000116393,CABZ01067581.1
ENSDARG00000091408,mtcl1
ENSDARG00000020133,jdp2b
ENSDARG00000100398,pax7a
ENSDARG00000054560,her15.2
ENSDARG00000041381,arntl2
ENSDARG00000100214,si:dkey-247i3
ENSDARG00000076520,mafb
ENSDARG00000094563,znf1144
ENSDARG00000110248,BX284636.2
ENSDARG00000009134,hlx1
ENSDARG00000087835,si:ch211-113p18
ENSDARG00000115382,meox1
ENSDARG00000092152,si:dkey-4c15
ENSDARG00000101954,hoxc6b
ENSDARG00000053301,insm1b
ENSDARG00000099890,CU207221.2
ENSDARG00000058039,bhlhe22
ENSDARG00000109749,si:ch211-162i8
ENSDARG00000116037,CR354584.9
ENSDARG00000009470,hnf1a
ENSDARG00000103341,si:ch211-110e21
ENSDARG00000077712,zgc:113886
ENSDARG00000044485,sall4
ENSDARG00000010794,tfeb
ENSDARG00000057527,mef2ab
ENSDARG00000069382,mxtx1
ENSDARG00000113365,BX322657.3
ENSDARG00000103348,si:dkey-176f19
ENSDARG00000102898,mtf1
ENSDARG00000103658,hivep1
ENSDARG00000102556,nfat5b
ENSDARG00000079631,si:ch211-113e8
ENSDARG00000059280,hoxd3a
ENSDARG00000016526,gata3
ENSDARG00000101859,mnta
ENSDARG00000029263,hoxb3a
ENSDARG00000030402,twist1a
ENSDARG00000068194,klf9
ENSDARG00000071684,rx1
ENSDARG00000102550,CABZ01080371.2
ENSDARG00000114716,znf1117
ENSDARG00000090160,si:dkey-156k2
ENSDARG00000052348,smarca5
ENSDARG00000098696,rela
ENSDARG00000086393,dbx1a
ENSDARG00000091481,foxc1a
ENSDARG00000067797,spi1a
ENSDARG00000004111,esr1
ENSDARG00000070463,e2f3
ENSDARG00000116117,si:dkey-40n15
ENSDARG00000099247,si:dkey-68o6
ENSDARG00000103981,bhlha9
ENSDARG00000038687,nfkb2
ENSDARG00000006253,mier3a
ENSDARG00000056783,raraa
ENSDARG00000102501,hoxa5a
ENSDARG00000039756,prop1
ENSDARG00000021833,ahr2
ENSDARG00000018611,lbx1b
ENSDARG00000058011,arxa
ENSDARG00000111465,znf1104
ENSDARG00000112878,znf1101
ENSDARG00000115855,AL833789.4
ENSDARG00000004695,six4a
ENSDARG00000017397,smarcc1a
ENSDARG00000111979,CR394552.1
ENSDARG00000103720,zgc:162730
ENSDARG00000045094,si:dkey-222b8
ENSDARG00000054632,fli1a
ENSDARG00000078018,si:dkey-79d12
ENSDARG00000042526,sebox
ENSDARG00000021855,arnt
ENSDARG00000027082,hmbox1a
ENSDARG00000037238,smad5
ENSDARG00000100961,zgc:174653
ENSDARG00000111635,lhx1b
ENSDARG00000071581,zgc:174564
ENSDARG00000093129,si:rp71-45k5
ENSDARG00000075116,sall2
ENSDARG00000093656,si:dkeyp-2e4
ENSDARG00000115233,en2a
ENSDARG00000057936,lhx5
ENSDARG00000112473,BX572103.1
ENSDARG00000021232,nkx2
ENSDARG00000016854,neurod2
ENSDARG00000070658,zbtb12
ENSDARG00000116765,zgc:162962
ENSDARG00000092784,znf1109
ENSDARG00000114364,znf985
ENSDARG00000040214,scrt1b
ENSDARG00000028348,pax3b
ENSDARG00000113123,BX004838.1
ENSDARG00000028335,hmga1a
ENSDARG00000031316,six6b
ENSDARG00000104090,june
ENSDARG00000115818,znf1099
ENSDARG00000097947,mespbb
ENSDARG00000040137,jdp2a
ENSDARG00000079760,zgc:112998
ENSDARG00000094514,si:dkey-7l6
ENSDARG00000013279,znf76
ENSDARG00000100509,si:dkey-82i20
ENSDARG00000105696,CABZ01021433.1
ENSDARG00000110100,si:ch73-92e7
ENSDARG00000101807,si:ch211-120c15
ENSDARG00000063649,tead3b
ENSDARG00000087330,maza
ENSDARG00000040432,klf2b
ENSDARG00000035984,mnx1
ENSDARG00000036698,znf865
ENSDARG00000101919,foxj1a
ENSDARG00000114793,CU182823.4
ENSDARG00000003165,nr2f6b
ENSDARG00000103346,si:dkeyp-85d8
ENSDARG00000115846,AL953896.4
ENSDARG00000112357,CR926887.2
ENSDARG00000111757,rarab
ENSDARG00000035508,barhl1a
ENSDARG00000112713,BX247875.2
ENSDARG00000026513,hoxb6b
ENSDARG00000092269,si:dkeyp-41f9
ENSDARG00000104335,si:ch211-212k5
ENSDARG00000036094,pias1a
ENSDARG00000008174,hoxb1a
ENSDARG00000074030,myt1a
ENSDARG00000102665,CABZ01033180.1
ENSDARG00000099070,FP074867.1
ENSDARG00000036292,cdx4
ENSDARG00000069737,pou4f2
ENSDARG00000022952,zgc:66448
ENSDARG00000071097,si:ch73-367f21
ENSDARG00000102008,si:dkey-72l17
ENSDARG00000068366,si:dkey-154p10
ENSDARG00000059483,tead1b
ENSDARG00000007406,phox2a
ENSDARG00000114947,BX465848.1
ENSDARG00000101369,CABZ01090890.1
ENSDARG00000115932,csdc2a
ENSDARG00000112449,BX248122.1
ENSDARG00000097261,si:dkey-4c15
ENSDARG00000114449,BX004962.6
ENSDARG00000094175,znf1027
ENSDARG00000103310,znf1053
ENSDARG00000115655,znf1075
ENSDARG00000100421,znf1129
ENSDARG00000070351,hoxc11a
ENSDARG00000117156,si:dkey-7j22
ENSDARG00000087290,si:ch211-202h22
ENSDARG00000089142,zgc:113119
ENSDARG00000075545,si:dkey-89b17
ENSDARG00000115456,zgc:173575
ENSDARG00000104735,nkx6
ENSDARG00000057680,foxj2
ENSDARG00000074548,zbtb17
ENSDARG00000116054,zbtb37
ENSDARG00000018688,elk3
ENSDARG00000025495,nhlh2
ENSDARG00000092503,arid1b
ENSDARG00000099245,CABZ01081752.1
ENSDARG00000088844,deaf1
ENSDARG00000115896,CR376839.4
ENSDARG00000105562,si:dkey-23i12
ENSDARG00000076010,twist1b
ENSDARG00000099999,tcf3b
ENSDARG00000093170,mef2b
ENSDARG00000093562,si:dkey-20i20
ENSDARG00000040764,id1
ENSDARG00000055750,foxp3a
ENSDARG00000101959,etv1
ENSDARG00000100479,si:dkey-43f9
ENSDARG00000098032,si:dkey-7i4
ENSDARG00000112976,gtf2ird1
ENSDARG00000099331,CABZ01064859.1
ENSDARG00000034893,rarab
ENSDARG00000102837,znf1145
ENSDARG00000114543,CR450724.3
ENSDARG00000046019,snai1b
ENSDARG00000114392,AL845357.4
ENSDARG00000012788,foxa3
ENSDARG00000104262,si:dkey-56m15
ENSDARG00000070951,hmga1b
ENSDARG00000110917,si:ch211-223a21
ENSDARG00000112010,sub1b
ENSDARG00000103527,si:dkeyp-35e5
ENSDARG00000002779,pdx1
ENSDARG00000031562,tada2a
ENSDARG00000092354,si:ch211-284e13
ENSDARG00000009418,mef2cb
ENSDARG00000071719,si:dkey-20i20
ENSDARG00000055792,foxo4
ENSDARG00000055690,CU655961.1
ENSDARG00000117116,CR932000.3
ENSDARG00000098986,znf1040
ENSDARG00000105834,znf971
ENSDARG00000111082,CR450766.1
ENSDARG00000103417,si:dkey-269o24
ENSDARG00000111233,pax7a
ENSDARG00000075107,nkx2.4a
ENSDARG00000032285,zgc:113294
ENSDARG00000077353,rerea
ENSDARG00000102867,srfb
ENSDARG00000070477,dnajc2
ENSDARG00000101327,znf1076
ENSDARG00000039899,zbtb7a
ENSDARG00000100591,sox32
ENSDARG00000042796,yy1a
ENSDARG00000078324,PRDM16
ENSDARG00000114521,CR388165.2
ENSDARG00000111998,znf1099
ENSDARG00000114967,dmrt2b
ENSDARG00000089434,etv7
ENSDARG00000100803,zgc:113443
ENSDARG00000030297,sox13
ENSDARG00000104350,si:dkey-68o6
ENSDARG00000088331,znf1028
ENSDARG00000071418,gbx1
ENSDARG00000063258,rfx5
ENSDARG00000110506,CR352327.2
ENSDARG00000109275,pdx1
ENSDARG00000109950,BX004962.3
ENSDARG00000042180,foxl2a
ENSDARG00000028731,stat4
ENSDARG00000111016,CU633479.4
ENSDARG00000096120,si:ch73-266f23
ENSDARG00000027658,irf10
ENSDARG00000098730,en1b
ENSDARG00000102139,CABZ01081748.1
ENSDARG00000100882,znf1154
ENSDARG00000109287,CABZ01078261.1
ENSDARG00000100055,tox2
ENSDARG00000008454,cpeb1b
ENSDARG00000011299,blzf1
ENSDARG00000011564,sfpq
ENSDARG00000016730,rfxank
ENSDARG00000016771,tfa
ENSDARG00000018492,znf503
ENSDARG00000019950,carf
ENSDARG00000023659,gabpb1
ENSDARG00000026489,khsrp
ENSDARG00000027403,zgpat
ENSDARG00000027612,gatad1
ENSDARG00000028431,adnp2b
ENSDARG00000031954,rbck1
ENSDARG00000034293,hif1ab
ENSDARG00000035678,zgc:91910
ENSDARG00000036281,FO704915.1
ENSDARG00000036489,zgc:112356
ENSDARG00000037030,casz1
ENSDARG00000040727,tfb1m
ENSDARG00000040861,tcf25
ENSDARG00000042496,parp12a
ENSDARG00000045401,mllt10
ENSDARG00000045857,cebpz
ENSDARG00000045874,yeats4
ENSDARG00000052122,rag1
ENSDARG00000053864,elmsan1b
ENSDARG00000056856,tax1bp1b
ENSDARG00000057414,phb
ENSDARG00000057671,epas1b
ENSDARG00000057708,zgc:175264
ENSDARG00000057997,tmf1
ENSDARG00000059398,myef2
ENSDARG00000060113,znf395a
ENSDARG00000060600,capn15
ENSDARG00000067591,puraa
ENSDARG00000068822,purba
ENSDARG00000069432,plscr3b
ENSDARG00000070485,cenps
ENSDARG00000070922,cnbpb
ENSDARG00000074468,prdm11
ENSDARG00000075569,gpbp1l1
ENSDARG00000076928,tet2
ENSDARG00000077013,znf280d
ENSDARG00000077530,ahctf1
ENSDARG00000091512,nfrkb
ENSDARG00000093022,selenoh
ENSDARG00000093799,setbp1
ENSDARG00000098348,znf326
ENSDARG00000099187,purg
ENSDARG00000100536,nkrf
ENSDARG00000101602,preb
ENSDARG00000102267,znf750
ENSDARG00000103388,znf609a
ENSDARG00000103791,nme2b
ENSDARG00000104049,crebl2
ENSDARG00000104325,plek
ENSDARG00000109958,AL929190.2
ENSDARG00000113223,CR626890.2
ENSDARG00000115892,BX957239.2